t,x,y,z,qw,qx,qy,qz,com_x,com_y,com_z,com_ref_z,tilt,com_ref_y,n_stance,swing_z,cop_lx,cop_ly,cop_qp_l_x,cop_qp_l_y,fz_qp_l,cop_mj_l_x,cop_mj_l_y,fz_mj_l,cop_qp_r_x,cop_qp_r_y,fz_qp_r,cop_mj_r_x,cop_mj_r_y,fz_mj_r,left_hip_yaw_joint,left_hip_roll_joint,left_hip_pitch_joint,left_knee_joint,left_ankle_pitch_joint,left_ankle_roll_joint,right_hip_yaw_joint,right_hip_roll_joint,right_hip_pitch_joint,right_knee_joint,right_ankle_pitch_joint,right_ankle_roll_joint,left_shoulder_pitch_joint,left_elbow_joint,right_shoulder_pitch_joint,right_elbow_joint,tau_left_hip_yaw_joint,tau_left_hip_roll_joint,tau_left_hip_pitch_joint,tau_left_knee_joint,tau_left_ankle_pitch_joint,tau_left_ankle_roll_joint,tau_right_hip_yaw_joint,tau_right_hip_roll_joint,tau_right_hip_pitch_joint,tau_right_knee_joint,tau_right_ankle_pitch_joint,tau_right_ankle_roll_joint,tau_left_shoulder_pitch_joint,tau_left_elbow_joint,tau_right_shoulder_pitch_joint,tau_right_elbow_joint,lim_left_hip_yaw_joint,lim_left_hip_roll_joint,lim_left_hip_pitch_joint,lim_left_knee_joint,lim_left_ankle_pitch_joint,lim_left_ankle_roll_joint,lim_right_hip_yaw_joint,lim_right_hip_roll_joint,lim_right_hip_pitch_joint,lim_right_knee_joint,lim_right_ankle_pitch_joint,lim_right_ankle_roll_joint,lim_left_shoulder_pitch_joint,lim_left_elbow_joint,lim_right_shoulder_pitch_joint,lim_right_elbow_joint
0.0000,-0.00065,-0.00000,0.46170,1.00000,0.00000,-0.00196,-0.00000,0.00856,-0.00000,0.30051,0.30051,0.00370,-0.00000,2,0.03434,0.04900,0.01900,-0.023186,-0.000052,30.1968,0.007182,-0.002494,32.6831,-0.023186,0.000052,30.1968,0.007182,0.002494,32.6831,-0.00011,0.00009,-0.54851,1.10700,-0.55410,0.00051,0.00011,-0.00009,-0.54851,1.10700,-0.55410,-0.00051,0.00019,-0.00042,0.00019,-0.00042,0.00007,-0.00066,-0.32096,-1.75268,-0.55347,0.00031,-0.00007,0.00066,-0.32096,-1.75268,-0.55347,-0.00031,-0.04387,-0.00372,-0.04387,-0.00372,6.000,6.000,12.000,12.000,6.000,6.000,6.000,6.000,12.000,12.000,6.000,6.000,6.000,6.000,6.000,6.000
0.0050,-0.00072,0.00000,0.46177,1.00000,0.00000,-0.00204,-0.00000,0.00851,0.00000,0.30059,0.30051,0.00392,0.00000,2,0.03442,0.04900,0.01900,-0.018650,-0.000090,30.3064,-0.021917,-0.000123,31.5180,-0.018650,0.000078,30.3065,-0.021917,0.000123,31.5180,-0.00011,0.00009,-0.54849,1.10693,-0.55398,0.00045,0.00011,-0.00009,-0.54849,1.10693,-0.55398,-0.00045,0.00019,-0.00040,0.00019,-0.00040,-0.00006,-0.00224,-0.26747,-1.67580,-0.44648,0.00104,0.00006,0.00232,-0.26747,-1.67580,-0.44648,-0.00072,-0.03631,-0.00254,-0.03631,-0.00254,6.000,6.000,12.000,12.000,6.000,6.000,6.000,6.000,12.000,12.000,6.000,6.000,6.000,6.000,6.000,6.000
0.0100,-0.00076,0.00000,0.46184,1.00000,0.00000,-0.00208,-0.00000,0.00846,0.00000,0.30067,0.30051,0.00407,0.00000,2,0.03448,0.04900,0.01900,-0.014893,-0.000123,30.4207,-0.017761,-0.000148,31.5371,-0.014893,0.000080,30.4209,-0.017761,0.000137,31.5371,-0.00010,0.00010,-0.54849,1.10687,-0.55393,0.00038,0.00010,-0.00010,-0.54849,1.10687,-0.55393,-0.00038,0.00018,-0.00037,0.00018,-0.00037,-0.00014,-0.00315,-0.22234,-1.61248,-0.35621,0.00187,0.00014,0.00345,-0.22234,-1.61249,-0.35621,-0.00067,-0.03012,-0.00170,-0.03012,-0.00170,6.000,6.000,12.000,12.000,6.000,6.000,6.000,6.000,12.000,12.000,6.000,6.000,6.000,6.000,6.000,6.000
0.0150,-0.00080,0.00000,0.46190,1.00000,0.00000,-0.00210,-0.00000,0.00843,0.00000,0.30073,0.30051,0.00416,0.00000,2,0.03454,0.04900,0.01900,-0.011775,-0.000155,30.5346,-0.014281,-0.000171,31.5822,-0.011775,0.000064,30.5350,-0.014281,0.000131,31.5824,-0.00010,0.00011,-0.54849,1.10678,-0.55391,0.00031,0.00010,-0.00011,-0.54849,1.10678,-0.55391,-0.00031,0.00017,-0.00033,0.00017,-0.00033,-0.00018,-0.00361,-0.18428,-1.56003,-0.27998,0.00282,0.00018,0.00423,-0.18427,-1.56005,-0.27997,-0.00029,-0.02503,-0.00110,-0.02503,-0.00110,6.000,6.000,12.000,12.000,6.000,6.000,6.000,6.000,12.000,12.000,6.000,6.000,6.000,6.000,6.000,6.000
0.0200,-0.00082,0.00000,0.46196,1.00000,0.00000,-0.00210,-0.00000,0.00841,0.00000,0.30080,0.30051,0.00420,0.00001,2,0.03459,0.04900,0.01900,-0.009189,-0.000186,30.6443,-0.011371,-0.000193,31.6462,-0.009188,0.000036,30.6450,-0.011371,0.000109,31.6466,-0.00010,0.00011,-0.54848,1.10664,-0.55387,0.00024,0.00010,-0.00012,-0.54848,1.10664,-0.55387,-0.00024,0.00015,-0.00030,0.00015,-0.00030,-0.00020,-0.00375,-0.15228,-1.51652,-0.21574,0.00385,0.00020,0.00475,-0.15227,-1.51654,-0.21573,0.00034,-0.02085,-0.00069,-0.02085,-0.00069,6.000,6.000,12.000,12.000,6.000,6.000,6.000,6.000,12.000,12.000,6.000,6.000,6.000,6.000,6.000,6.000
0.0250,-0.00083,0.00000,0.46201,1.00000,0.00000,-0.00209,-0.00000,0.00839,0.00000,0.30085,0.30051,0.00420,0.00001,2,0.03463,0.04900,0.01900,-0.007048,-0.000216,30.7468,-0.008940,-0.000215,31.7235,-0.007047,-0.000001,30.7477,-0.008940,0.000077,31.7241,-0.00010,0.00012,-0.54846,1.10644,-0.55381,0.00019,0.00010,-0.00012,-0.54846,1.10644,-0.55381,-0.00017,0.00014,-0.00026,0.00014,-0.00026,-0.00021,-0.00365,-0.12558,-1.48050,-0.16192,0.00494,0.00021,0.00509,-0.12556,-1.48053,-0.16191,0.00116,-0.01746,-0.00041,-0.01746,-0.00041,6.000,6.000,12.000,12.000,6.000,6.000,6.000,6.000,12.000,12.000,6.000,6.000,6.000,6.000,6.000,6.000
0.0300,-0.00084,0.00000,0.46206,1.00000,0.00000,-0.00206,-0.00000,0.00837,0.00000,0.30090,0.30051,0.00417,0.00002,2,0.03467,0.04900,0.01900,-0.005278,-0.000247,30.8399,-0.006914,-0.000240,31.8053,-0.005277,-0.000043,30.8411,-0.006914,0.000040,31.8062,-0.00010,0.00012,-0.54844,1.10621,-0.55372,0.00014,0.00010,-0.00013,-0.54844,1.10621,-0.55372,-0.00012,0.00012,-0.00023,0.00012,-0.00023,-0.00020,-0.00341,-0.10343,-1.45071,-0.11705,0.00609,0.00020,0.00532,-0.10341,-1.45076,-0.11704,0.00211,-0.01472,-0.00024,-0.01472,-0.00024,6.000,6.000,12.000,12.000,6.000,6.000,6.000,6.000,12.000,12.000,6.000,6.000,6.000,6.000,6.000,6.000
0.0350,-0.00083,0.00000,0.46211,1.00000,0.00000,-0.00203,-0.00000,0.00836,0.00000,0.30095,0.30051,0.00412,0.00002,2,0.03470,0.04900,0.01900,-0.003815,-0.000280,30.9229,-0.005231,-0.000267,31.8855,-0.003814,-0.000088,30.9245,-0.005230,-0.000001,31.8868,-0.00010,0.00013,-0.54842,1.10593,-0.55359,0.00010,0.00010,-0.00014,-0.54842,1.10593,-0.55359,-0.00006,0.00010,-0.00020,0.00010,-0.00020,-0.00019,-0.00311,-0.08510,-1.42606,-0.07976,0.00728,0.00019,0.00551,-0.08508,-1.42612,-0.07974,0.00315,-0.01251,-0.00014,-0.01251,-0.00014,6.000,6.000,12.000,12.000,6.000,6.000,6.000,6.000,12.000,12.000,6.000,6.000,6.000,6.000,6.000,6.000
0.0400,-0.00083,0.00000,0.46215,1.00000,0.00000,-0.00198,-0.00000,0.00836,0.00000,0.30099,0.30051,0.00405,0.00003,2,0.03472,0.04900,0.01900,-0.002604,-0.000314,30.9960,-0.003833,-0.000297,31.9607,-0.002603,-0.000135,30.9979,-0.003832,-0.000044,31.9623,-0.00010,0.00013,-0.54839,1.10562,-0.55344,0.00007,0.00010,-0.00015,-0.54839,1.10562,-0.55344,-0.00002,0.00007,-0.00017,0.00007,-0.00017,-0.00018,-0.00277,-0.06996,-1.40561,-0.04883,0.00850,0.00018,0.00567,-0.06992,-1.40569,-0.04881,0.00427,-0.01073,-0.00008,-0.01073,-0.00008,6.000,6.000,12.000,12.000,6.000,6.000,6.000,6.000,12.000,12.000,6.000,6.000,6.000,6.000,6.000,6.000
0.0450,-0.00081,0.00000,0.46219,1.00000,0.00000,-0.00193,-0.00000,0.00836,0.00000,0.30103,0.30051,0.00397,0.00004,2,0.03474,0.04900,0.01900,-0.001601,-0.000350,31.0597,-0.002672,-0.000328,32.0290,-0.001600,-0.000183,31.0620,-0.002671,-0.000088,32.0310,-0.00010,0.00012,-0.54835,1.10529,-0.55326,0.00005,0.00010,-0.00015,-0.54835,1.10529,-0.55326,0.00003,0.00005,-0.00014,0.00005,-0.00014,-0.00017,-0.00242,-0.05744,-1.38859,-0.02321,0.00974,0.00017,0.00582,-0.05740,-1.38868,-0.02318,0.00542,-0.00929,-0.00004,-0.00929,-0.00004,6.000,6.000,12.000,12.000,6.000,6.000,6.000,6.000,12.000,12.000,6.000,6.000,6.000,6.000,6.000,6.000
0.0500,-0.00080,0.00000,0.46222,1.00000,0.00000,-0.00188,-0.00000,0.00836,0.00000,0.30106,0.30051,0.00387,0.00005,2,0.03476,0.04900,0.01900,-0.000767,-0.000387,31.1149,-0.001708,-0.000362,32.0898,-0.000766,-0.000230,31.1176,-0.001707,-0.000132,32.0922,-0.00010,0.00012,-0.54832,1.10495,-0.55306,0.00004,0.00010,-0.00016,-0.54832,1.10495,-0.55306,0.00007,0.00002,-0.00012,0.00002,-0.00012,-0.00016,-0.00207,-0.04708,-1.37438,-0.00199,0.01099,0.00016,0.00599,-0.04703,-1.37448,-0.00197,0.00661,-0.00812,-0.00001,-0.00812,-0.00001,6.000,6.000,12.000,12.000,6.000,6.000,6.000,6.000,12.000,12.000,6.000,6.000,6.000,6.000,6.000,6.000
0.0550,-0.00078,0.00000,0.46225,1.00000,0.00000,-0.00183,-0.00000,0.00836,0.00000,0.30109,0.30051,0.00376,0.00006,2,0.03477,0.04900,0.01900,-0.000075,-0.000425,31.1626,-0.000905,-0.000396,32.1432,-0.000074,-0.000277,31.1657,-0.000904,-0.000176,32.1460,-0.00010,0.00012,-0.54829,1.10460,-0.55284,0.00004,0.00010,-0.00017,-0.54829,1.10460,-0.55284,0.00010,-0.00001,-0.00009,-0.00001,-0.00009,-0.00015,-0.00173,-0.03849,-1.36247,0.01556,0.01224,0.00016,0.00615,-0.03844,-1.36258,0.01559,0.00780,-0.00715,-0.00000,-0.00715,-0.00000,6.000,6.000,12.000,12.000,6.000,6.000,6.000,6.000,12.000,12.000,6.000,6.000,6.000,6.000,6.000,6.000
0.0600,-0.00076,0.00001,0.46228,1.00000,0.00000,-0.00177,-0.00000,0.00837,0.00000,0.30112,0.30051,0.00365,0.00007,2,0.03478,0.04900,0.01900,0.000502,-0.000463,31.2038,-0.000237,-0.000432,32.1897,0.000503,-0.000323,31.2072,-0.000236,-0.000219,32.1928,-0.00010,0.00011,-0.54827,1.10424,-0.55262,0.00004,0.00010,-0.00018,-0.54827,1.10425,-0.55262,0.00014,-0.00004,-0.00007,-0.00004,-0.00007,-0.00014,-0.00140,-0.03137,-1.35245,0.03008,0.01347,0.00015,0.00633,-0.03131,-1.35258,0.03011,0.00900,-0.00636,0.00000,-0.00636,0.00000,6.000,6.000,12.000,12.000,6.000,6.000,6.000,6.000,12.000,12.000,6.000,6.000,6.000,6.000,6.000,6.000
0.0650,-0.00074,0.00001,0.46231,1.00000,0.00000,-0.00171,-0.00000,0.00837,0.00000,0.30114,0.30051,0.00354,0.00008,2,0.03479,0.04900,0.01900,0.000982,-0.000501,31.2392,0.000319,-0.000468,32.2298,0.000983,-0.000367,31.2430,0.000320,-0.000261,32.2334,-0.00010,0.00010,-0.54824,1.10389,-0.55239,0.00005,0.00010,-0.00019,-0.54824,1.10389,-0.55239,0.00017,-0.00007,-0.00006,-0.00007,-0.00006,-0.00013,-0.00109,-0.02544,-1.34399,0.04208,0.01469,0.00014,0.00651,-0.02538,-1.34414,0.04211,0.01019,-0.00569,-0.00000,-0.00569,-0.00000,6.000,6.000,12.000,12.000,6.000,6.000,6.000,6.000,12.000,12.000,6.000,6.000,6.000,6.000,6.000,6.000
0.0700,-0.00072,0.00001,0.46234,1.00000,0.00000,-0.00165,-0.00000,0.00838,0.00001,0.30117,0.30051,0.00342,0.00009,2,0.03480,0.04900,0.01900,0.001382,-0.000540,31.2697,0.000783,-0.000505,32.2644,0.001384,-0.000411,31.2739,0.000784,-0.000303,32.2684,-0.00010,0.00009,-0.54822,1.10355,-0.55217,0.00006,0.00010,-0.00020,-0.54822,1.10355,-0.55217,0.00021,-0.00011,-0.00004,-0.00011,-0.00004,-0.00013,-0.00079,-0.02050,-1.33684,0.05199,0.01588,0.00014,0.00670,-0.02043,-1.33699,0.05203,0.01136,-0.00513,-0.00001,-0.00513,-0.00001,6.000,6.000,12.000,12.000,6.000,6.000,6.000,6.000,12.000,12.000,6.000,6.000,6.000,6.000,6.000,6.000
0.0750,-0.00070,0.00001,0.46236,1.00000,0.00000,-0.00159,-0.00000,0.00839,0.00001,0.30119,0.30051,0.00330,0.00011,2,0.03480,0.04900,0.01900,0.001716,-0.000578,31.2960,0.001169,-0.000541,32.2941,0.001717,-0.000453,31.3005,0.001170,-0.000343,32.2985,-0.00010,0.00008,-0.54820,1.10321,-0.55194,0.00008,0.00010,-0.00022,-0.54820,1.10321,-0.55194,0.00024,-0.00015,-0.00002,-0.00015,-0.00002,-0.00012,-0.00051,-0.01639,-1.33077,0.06016,0.01705,0.00014,0.00689,-0.01631,-1.33094,0.06020,0.01251,-0.00466,-0.00001,-0.00466,-0.00001,6.000,6.000,12.000,12.000,6.000,6.000,6.000,6.000,12.000,12.000,6.000,6.000,6.000,6.000,6.000,6.000
0.0800,-0.00067,0.00002,0.46238,1.00000,0.00000,-0.00153,-0.00000,0.00840,0.00001,0.30121,0.30051,0.00318,0.00012,2,0.03481,0.04900,0.01900,0.001994,-0.000615,31.3187,0.001491,-0.000577,32.3196,0.001995,-0.000494,31.3236,0.001492,-0.000383,32.3243,-0.00010,0.00006,-0.54819,1.10288,-0.55172,0.00010,0.00011,-0.00023,-0.54819,1.10288,-0.55172,0.00028,-0.00020,-0.00001,-0.00020,-0.00001,-0.00012,-0.00024,-0.01295,-1.32562,0.06689,0.01818,0.00013,0.00707,-0.01288,-1.32580,0.06693,0.01363,-0.00425,-0.00002,-0.00425,-0.00002,6.000,6.000,12.000,12.000,6.000,6.000,6.000,6.000,12.000,12.000,6.000,6.000,6.000,6.000,6.000,6.000
0.0850,-0.00065,0.00002,0.46240,1.00000,0.00000,-0.00147,-0.00000,0.00841,0.00001,0.30123,0.30051,0.00306,0.00014,2,0.03481,0.04900,0.01900,0.002224,-0.000652,31.3384,0.001759,-0.000612,32.3415,0.002226,-0.000534,31.3436,0.001760,-0.000421,32.3466,-0.00010,0.00005,-0.54817,1.10256,-0.55151,0.00013,0.00011,-0.00025,-0.54818,1.10257,-0.55151,0.00031,-0.00024,-0.00000,-0.00024,-0.00000,-0.00011,0.00002,-0.01009,-1.32124,0.07241,0.01927,0.00013,0.00726,-0.01000,-1.32143,0.07246,0.01472,-0.00391,-0.00003,-0.00391,-0.00003,6.000,6.000,12.000,12.000,6.000,6.000,6.000,6.000,12.000,12.000,6.000,6.000,6.000,6.000,6.000,6.000
0.0900,-0.00063,0.00003,0.46242,1.00000,0.00000,-0.00141,-0.00000,0.00842,0.00001,0.30124,0.30051,0.00293,0.00016,2,0.03481,0.04900,0.01900,0.002416,-0.000687,31.3555,0.001981,-0.000646,32.3603,0.002417,-0.000572,31.3610,0.001982,-0.000457,32.3658,-0.00010,0.00003,-0.54817,1.10226,-0.55130,0.00016,0.00011,-0.00027,-0.54817,1.10226,-0.55131,0.00035,-0.00029,0.00001,-0.00029,0.00001,-0.00011,0.00026,-0.00770,-1.31750,0.07694,0.02032,0.00013,0.00744,-0.00761,-1.31771,0.07698,0.01577,-0.00361,-0.00005,-0.00361,-0.00005,6.000,6.000,12.000,12.000,6.000,6.000,6.000,6.000,12.000,12.000,6.000,6.000,6.000,6.000,6.000,6.000
0.0950,-0.00060,0.00003,0.46244,1.00000,0.00000,-0.00135,-0.00000,0.00843,0.00002,0.30126,0.30051,0.00281,0.00017,2,0.03482,0.04900,0.01900,0.002574,-0.000721,31.3704,0.002165,-0.000679,32.3765,0.002576,-0.000608,31.3762,0.002167,-0.000492,32.3823,-0.00010,0.00001,-0.54816,1.10196,-0.55111,0.00019,0.00011,-0.00029,-0.54817,1.10197,-0.55111,0.00039,-0.00034,0.00002,-0.00034,0.00002,-0.00011,0.00048,-0.00570,-1.31433,0.08062,0.02133,0.00013,0.00762,-0.00561,-1.31454,0.08067,0.01678,-0.00335,-0.00006,-0.00335,-0.00006,6.000,6.000,12.000,12.000,6.000,6.000,6.000,6.000,12.000,12.000,6.000,6.000,6.000,6.000,6.000,6.000
0.1000,-0.00058,0.00004,0.46246,1.00000,0.00000,-0.00129,-0.00000,0.00843,0.00002,0.30127,0.30051,0.00270,0.00019,2,0.03482,0.04900,0.01900,0.002704,-0.000754,31.3834,0.002317,-0.000712,32.3905,0.002706,-0.000642,31.3896,0.002319,-0.000526,32.3966,-0.00010,-0.00002,-0.54816,1.10168,-0.55092,0.00023,0.00011,-0.00031,-0.54817,1.10170,-0.55093,0.00043,-0.00039,0.00002,-0.00039,0.00002,-0.00011,0.00070,-0.00404,-1.31162,0.08360,0.02230,0.00013,0.00779,-0.00394,-1.31184,0.08365,0.01775,-0.00312,-0.00007,-0.00313,-0.00007,6.000,6.000,12.000,12.000,6.000,6.000,6.000,6.000,12.000,12.000,6.000,6.000,6.000,6.000,6.000,6.000
0.1050,-0.00056,0.00004,0.46248,1.00000,0.00000,-0.00123,-0.00000,0.00844,0.00002,0.30129,0.30051,0.00258,0.00021,2,0.03482,0.04900,0.01900,0.002811,-0.000785,31.3948,0.002442,-0.000742,32.4026,0.002813,-0.000675,31.4012,0.002444,-0.000558,32.4091,-0.00010,-0.00004,-0.54817,1.10142,-0.55074,0.00027,0.00011,-0.00034,-0.54817,1.10143,-0.55075,0.00048,-0.00045,0.00003,-0.00045,0.00003,-0.00010,0.00090,-0.00266,-1.30932,0.08600,0.02322,0.00013,0.00796,-0.00255,-1.30955,0.08605,0.01867,-0.00293,-0.00008,-0.00293,-0.00008,6.000,6.000,12.000,12.000,6.000,6.000,6.000,6.000,12.000,12.000,6.000,6.000,6.000,6.000,6.000,6.000
0.1100,-0.00054,0.00005,0.46249,1.00000,0.00000,-0.00118,-0.00000,0.00845,0.00003,0.30130,0.30051,0.00246,0.00023,2,0.03482,0.04900,0.01900,0.002898,-0.000815,31.4049,0.002544,-0.000772,32.4132,0.002899,-0.000706,31.4116,0.002546,-0.000589,32.4199,-0.00010,-0.00007,-0.54817,1.10116,-0.55057,0.00031,0.00011,-0.00037,-0.54818,1.10118,-0.55058,0.00052,-0.00050,0.00003,-0.00051,0.00003,-0.00010,0.00109,-0.00151,-1.30735,0.08791,0.02409,0.00013,0.00811,-0.00140,-1.30760,0.08797,0.01954,-0.00276,-0.00010,-0.00276,-0.00009,6.000,6.000,12.000,12.000,6.000,6.000,6.000,6.000,12.000,12.000,6.000,6.000,6.000,6.000,6.000,6.000
0.1150,-0.00051,0.00006,0.46250,1.00000,0.00000,-0.00112,-0.00000,0.00846,0.00003,0.30131,0.30051,0.00235,0.00025,2,0.03482,0.04900,0.01900,0.002968,-0.000843,31.4138,0.002627,-0.000800,32.4224,0.002969,-0.000735,31.4207,0.002629,-0.000617,32.4293,-0.00010,-0.00010,-0.54818,1.10092,-0.55041,0.00035,0.00011,-0.00040,-0.54819,1.10094,-0.55042,0.00057,-0.00056,0.00003,-0.00056,0.00003,-0.00010,0.00127,-0.00056,-1.30569,0.08942,0.02491,0.00013,0.00826,-0.00045,-1.30594,0.08947,0.02037,-0.00261,-0.00011,-0.00261,-0.00011,6.000,6.000,12.000,12.000,6.000,6.000,6.000,6.000,12.000,12.000,6.000,6.000,6.000,6.000,6.000,6.000
0.1200,-0.00049,0.00006,0.46252,1.00000,0.00000,-0.00107,-0.00000,0.00847,0.00004,0.30132,0.30051,0.00224,0.00028,2,0.03482,0.04900,0.01900,0.003023,-0.000870,31.4217,0.002694,-0.000826,32.4304,0.003025,-0.000762,31.4288,0.002696,-0.000645,32.4377,-0.00010,-0.00014,-0.54819,1.10069,-0.55026,0.00040,0.00011,-0.00043,-0.54820,1.10071,-0.55027,0.00061,-0.00062,0.00003,-0.00062,0.00003,-0.00010,0.00143,0.00023,-1.30427,0.09058,0.02568,0.00013,0.00840,0.00034,-1.30454,0.09064,0.02115,-0.00247,-0.00012,-0.00248,-0.00012,6.000,6.000,12.000,12.000,6.000,6.000,6.000,6.000,12.000,12.000,6.000,6.000,6.000,6.000,6.000,6.000
0.1250,-0.00047,0.00007,0.46253,1.00000,0.00000,-0.00101,-0.00000,0.00848,0.00005,0.30133,0.30051,0.00213,0.00030,2,0.03482,0.04900,0.01900,0.003067,-0.000895,31.4287,0.002747,-0.000851,32.4375,0.003069,-0.000787,31.4361,0.002749,-0.000670,32.4450,-0.00010,-0.00017,-0.54821,1.10047,-0.55012,0.00045,0.00011,-0.00047,-0.54822,1.10049,-0.55013,0.00066,-0.00068,0.00003,-0.00068,0.00003,-0.00010,0.00159,0.00088,-1.30308,0.09146,0.02640,0.00013,0.00853,0.00099,-1.30335,0.09152,0.02188,-0.00235,-0.00013,-0.00236,-0.00013,6.000,6.000,12.000,12.000,6.000,6.000,6.000,6.000,12.000,12.000,6.000,6.000,6.000,6.000,6.000,6.000
0.1300,-0.00045,0.00008,0.46254,1.00000,0.00000,-0.00096,-0.00000,0.00849,0.00005,0.30134,0.30051,0.00203,0.00032,2,0.03482,0.04900,0.01900,0.003101,-0.000918,31.4349,0.002788,-0.000874,32.4437,0.003103,-0.000811,31.4425,0.002790,-0.000694,32.4515,-0.00010,-0.00021,-0.54822,1.10026,-0.54998,0.00050,0.00011,-0.00051,-0.54823,1.10028,-0.54999,0.00072,-0.00074,0.00003,-0.00074,0.00003,-0.00010,0.00173,0.00141,-1.30206,0.09211,0.02707,0.00013,0.00865,0.00152,-1.30234,0.09217,0.02256,-0.00225,-0.00014,-0.00225,-0.00014,6.000,6.000,12.000,12.000,6.000,6.000,6.000,6.000,12.000,12.000,6.000,6.000,6.000,6.000,6.000,6.000
0.1350,-0.00044,0.00009,0.46255,1.00000,0.00000,-0.00091,-0.00000,0.00850,0.00006,0.30135,0.30051,0.00192,0.00035,2,0.03482,0.04900,0.01900,0.003126,-0.000939,31.4406,0.002820,-0.000895,32.4492,0.003128,-0.000833,31.4484,0.002822,-0.000716,32.4572,-0.00010,-0.00025,-0.54824,1.10006,-0.54986,0.00056,0.00011,-0.00055,-0.54826,1.10009,-0.54987,0.00077,-0.00080,0.00003,-0.00080,0.00003,-0.00010,0.00186,0.00184,-1.30121,0.09256,0.02769,0.00013,0.00876,0.00196,-1.30149,0.09262,0.02318,-0.00216,-0.00016,-0.00216,-0.00015,6.000,6.000,12.000,12.000,6.000,6.000,6.000,6.000,12.000,12.000,6.000,6.000,6.000,6.000,6.000,6.000
0.1400,-0.00042,0.00010,0.46256,1.00000,0.00001,-0.00086,-0.00000,0.00851,0.00007,0.30136,0.30051,0.00182,0.00038,2,0.03482,0.04900,0.01900,0.003145,-0.000959,31.4456,0.002844,-0.000915,32.4542,0.003147,-0.000853,31.4536,0.002846,-0.000736,32.4624,-0.00010,-0.00030,-0.54826,1.09988,-0.54973,0.00061,0.00011,-0.00060,-0.54828,1.09990,-0.54975,0.00083,-0.00086,0.00003,-0.00086,0.00003,-0.00009,0.00198,0.00219,-1.30049,0.09285,0.02826,0.00013,0.00886,0.00231,-1.30078,0.09291,0.02376,-0.00208,-0.00017,-0.00208,-0.00016,6.000,6.000,12.000,12.000,6.000,6.000,6.000,6.000,12.000,12.000,6.000,6.000,6.000,6.000,6.000,6.000
0.1450,-0.00040,0.00012,0.46257,1.00000,0.00001,-0.00081,-0.00000,0.00851,0.00007,0.30137,0.30051,0.00173,0.00040,2,0.03482,0.04900,0.01900,0.003157,-0.000976,31.4502,0.002861,-0.000933,32.4586,0.003159,-0.000871,31.4584,0.002863,-0.000754,32.4670,-0.00010,-0.00035,-0.54829,1.09970,-0.54962,0.00067,0.00011,-0.00064,-0.54830,1.09973,-0.54963,0.00089,-0.00091,0.00003,-0.00092,0.00003,-0.00009,0.00209,0.00247,-1.29988,0.09300,0.02878,0.00013,0.00895,0.00260,-1.30018,0.09307,0.02429,-0.00200,-0.00018,-0.00201,-0.00018,6.000,6.000,12.000,12.000,6.000,6.000,6.000,6.000,12.000,12.000,6.000,6.000,6.000,6.000,6.000,6.000
0.1500,-0.00038,0.00013,0.46258,1.00000,0.00001,-0.00077,-0.00000,0.00852,0.00008,0.30137,0.30051,0.00163,0.00043,2,0.03482,0.04900,0.01900,0.003164,-0.000992,31.4544,0.002872,-0.000949,32.4625,0.003167,-0.000887,31.4627,0.002875,-0.000771,32.4711,-0.00010,-0.00040,-0.54831,1.09953,-0.54951,0.00074,0.00011,-0.00070,-0.54833,1.09956,-0.54952,0.00095,-0.00097,0.00002,-0.00098,0.00002,-0.00009,0.00219,0.00270,-1.29938,0.09305,0.02925,0.00013,0.00903,0.00283,-1.29968,0.09312,0.02477,-0.00194,-0.00019,-0.00194,-0.00019,6.000,6.000,12.000,12.000,6.000,6.000,6.000,6.000,12.000,12.000,6.000,6.000,6.000,6.000,6.000,6.000
0.1550,-0.00037,0.00014,0.46259,1.00000,0.00001,-0.00072,-0.00000,0.00853,0.00009,0.30138,0.30051,0.00154,0.00046,2,0.03482,0.04900,0.01900,0.003168,-0.001006,31.4582,0.002879,-0.000964,32.4661,0.003170,-0.000901,31.4666,0.002881,-0.000786,32.4749,-0.00010,-0.00045,-0.54834,1.09937,-0.54941,0.00080,0.00011,-0.00075,-0.54836,1.09940,-0.54942,0.00102,-0.00103,0.00002,-0.00103,0.00002,-0.00009,0.00228,0.00288,-1.29896,0.09301,0.02967,0.00013,0.00911,0.00301,-1.29927,0.09308,0.02519,-0.00188,-0.00020,-0.00188,-0.00020,6.000,6.000,12.000,12.000,6.000,6.000,6.000,6.000,12.000,12.000,6.000,6.000,6.000,6.000,6.000,6.000
0.1600,-0.00035,0.00016,0.46260,1.00000,0.00001,-0.00068,-0.00000,0.00854,0.00010,0.30139,0.30051,0.00145,0.00049,2,0.03482,0.04900,0.01900,0.003168,-0.001018,31.4616,0.002882,-0.000977,32.4694,0.003170,-0.000914,31.4702,0.002884,-0.000800,32.4782,-0.00010,-0.00051,-0.54837,1.09921,-0.54931,0.00087,0.00011,-0.00081,-0.54839,1.09925,-0.54933,0.00108,-0.00109,0.00001,-0.00109,0.00001,-0.00009,0.00236,0.00302,-1.29861,0.09290,0.03004,0.00013,0.00917,0.00315,-1.29892,0.09297,0.02557,-0.00182,-0.00021,-0.00183,-0.00021,6.000,6.000,12.000,12.000,6.000,6.000,6.000,6.000,12.000,12.000,6.000,6.000,6.000,6.000,6.000,6.000
0.1650,-0.00033,0.00017,0.46261,1.00000,0.00001,-0.00064,-0.00000,0.00854,0.00011,0.30139,0.30051,0.00136,0.00052,2,0.03482,0.04900,0.01900,0.003165,-0.001029,31.4648,0.002882,-0.000988,32.4723,0.003168,-0.000925,31.4735,0.002884,-0.000811,32.4813,-0.00010,-0.00057,-0.54840,1.09907,-0.54922,0.00094,0.00011,-0.00087,-0.54842,1.09911,-0.54923,0.00115,-0.00115,0.00001,-0.00115,0.00001,-0.00009,0.00243,0.00313,-1.29832,0.09273,0.03036,0.00013,0.00922,0.00326,-1.29864,0.09280,0.02590,-0.00177,-0.00022,-0.00178,-0.00022,6.000,6.000,12.000,12.000,6.000,6.000,6.000,6.000,12.000,12.000,6.000,6.000,6.000,6.000,6.000,6.000
0.1700,-0.00032,0.00019,0.46262,1.00000,0.00001,-0.00059,-0.00000,0.00855,0.00013,0.30140,0.30051,0.00127,0.00055,2,0.03482,0.04900,0.01900,0.003161,-0.001038,31.4677,0.002879,-0.000998,32.4750,0.003163,-0.000934,31.4765,0.002881,-0.000821,32.4841,-0.00010,-0.00064,-0.54843,1.09893,-0.54913,0.00101,0.00011,-0.00093,-0.54845,1.09897,-0.54915,0.00122,-0.00120,-0.00000,-0.00121,0.00000,-0.00009,0.00250,0.00321,-1.29808,0.09251,0.03063,0.00013,0.00927,0.00335,-1.29841,0.09258,0.02618,-0.00173,-0.00023,-0.00174,-0.00022,6.000,6.000,12.000,12.000,6.000,6.000,6.000,6.000,12.000,12.000,6.000,6.000,6.000,6.000,6.000,6.000
0.1750,-0.00030,0.00021,0.46262,1.00000,0.00001,-0.00055,-0.00000,0.00856,0.00014,0.30141,0.30051,0.00119,0.00059,2,0.03482,0.04900,0.01900,0.003154,-0.001045,31.4704,0.002874,-0.001006,32.4775,0.003157,-0.000941,31.4792,0.002877,-0.000829,32.4867,-0.00010,-0.00071,-0.54847,1.09880,-0.54904,0.00109,0.00011,-0.00100,-0.54849,1.09885,-0.54906,0.00130,-0.00126,-0.00001,-0.00126,-0.00000,-0.00009,0.00255,0.00328,-1.29789,0.09226,0.03085,0.00013,0.00931,0.00341,-1.29822,0.09233,0.02641,-0.00169,-0.00024,-0.00170,-0.00023,6.000,6.000,12.000,12.000,6.000,6.000,6.000,6.000,12.000,12.000,6.000,6.000,6.000,6.000,6.000,6.000
0.1800,-0.00029,0.00023,0.46263,1.00000,0.00001,-0.00051,-0.00000,0.00856,0.00015,0.30141,0.30051,0.00111,0.00062,2,0.03482,0.04900,0.01900,0.003146,-0.001050,31.4729,0.002868,-0.001012,32.4798,0.003149,-0.000946,31.4818,0.002870,-0.000836,32.4891,-0.00010,-0.00078,-0.54850,1.09868,-0.54896,0.00116,0.00011,-0.00107,-0.54853,1.09873,-0.54898,0.00138,-0.00131,-0.00001,-0.00132,-0.00001,-0.00009,0.00260,0.00333,-1.29774,0.09197,0.03102,0.00013,0.00934,0.00346,-1.29807,0.09205,0.02659,-0.00166,-0.00018,-0.00167,-0.00018,6.000,6.000,12.000,12.000,6.000,6.000,6.000,6.000,12.000,12.000,6.000,6.000,6.000,6.000,6.000,6.000
0.1850,-0.00028,0.00025,0.46264,1.00000,0.00001,-0.00047,-0.00000,0.00857,0.00016,0.30142,0.30051,0.00103,0.00065,2,0.03482,0.04900,0.01900,0.003137,-0.001053,31.4752,0.002860,-0.001017,32.4819,0.003140,-0.000950,31.4841,0.002862,-0.000841,32.4913,-0.00010,-0.00085,-0.54853,1.09856,-0.54888,0.00124,0.00011,-0.00115,-0.54856,1.09861,-0.54891,0.00146,-0.00137,-0.00001,-0.00137,-0.00001,-0.00009,0.00263,0.00336,-1.29762,0.09167,0.03115,0.00013,0.00936,0.00349,-1.29796,0.09174,0.02673,-0.00163,-0.00013,-0.00164,-0.00014,6.000,6.000,12.000,12.000,6.000,6.000,6.000,6.000,12.000,12.000,6.000,6.000,6.000,6.000,6.000,6.000
0.1900,-0.00027,0.00027,0.46264,1.00000,0.00001,-0.00044,-0.00000,0.00857,0.00018,0.30142,0.30051,0.00095,0.00069,2,0.03482,0.04900,0.01900,0.003127,-0.001055,31.4773,0.002851,-0.001020,32.4838,0.003130,-0.000952,31.4863,0.002853,-0.000844,32.4933,-0.00010,-0.00093,-0.54857,1.09845,-0.54881,0.00133,0.00011,-0.00123,-0.54860,1.09850,-0.54883,0.00154,-0.00142,-0.00001,-0.00142,-0.00001,-0.00009,0.00266,0.00339,-1.29752,0.09135,0.03123,0.00013,0.00937,0.00352,-1.29786,0.09143,0.02682,-0.00161,-0.00010,-0.00162,-0.00010,6.000,6.000,12.000,12.000,6.000,6.000,6.000,6.000,12.000,12.000,6.000,6.000,6.000,6.000,6.000,6.000
0.1950,-0.00025,0.00029,0.46265,1.00000,0.00001,-0.00040,-0.00000,0.00858,0.00019,0.30143,0.30051,0.00087,0.00073,2,0.03482,0.04900,0.01900,0.003117,-0.001055,31.4793,0.002841,-0.001021,32.4856,0.003119,-0.000953,31.4883,0.002844,-0.000846,32.4951,-0.00010,-0.00102,-0.54861,1.09834,-0.54874,0.00141,0.00011,-0.00131,-0.54864,1.09840,-0.54876,0.00163,-0.00147,-0.00001,-0.00148,-0.00001,-0.00009,0.00268,0.00340,-1.29745,0.09102,0.03127,0.00013,0.00938,0.00354,-1.29779,0.09110,0.02686,-0.00158,-0.00007,-0.00159,-0.00008,6.000,6.000,12.000,12.000,6.000,6.000,6.000,6.000,12.000,12.000,6.000,6.000,6.000,6.000,6.000,6.000
0.2000,-0.00024,0.00031,0.46265,1.00000,0.00001,-0.00037,-0.00000,0.00858,0.00021,0.30143,0.30051,0.00080,0.00077,2,0.03482,0.04900,0.01900,0.003106,-0.001054,31.4812,0.002831,-0.001021,32.4873,0.003109,-0.000952,31.4902,0.002833,-0.000846,32.4969,-0.00010,-0.00110,-0.54864,1.09824,-0.54867,0.00150,0.00011,-0.00139,-0.54868,1.09830,-0.54870,0.00172,-0.00152,-0.00001,-0.00153,-0.00001,-0.00010,0.00270,0.00342,-1.29739,0.09069,0.03126,0.00013,0.00938,0.00355,-1.29773,0.09077,0.02686,-0.00155,-0.00006,-0.00157,-0.00006,6.000,6.000,12.000,12.000,6.000,6.000,6.000,6.000,12.000,12.000,6.000,6.000,6.000,6.000,6.000,6.000
0.2050,-0.00023,0.00033,0.46266,1.00000,0.00001,-0.00033,-0.00000,0.00859,0.00023,0.30144,0.30051,0.00073,0.00080,2,0.03482,0.04900,0.01900,0.003095,-0.001051,31.4829,0.002820,-0.001019,32.4888,0.003098,-0.000949,31.4920,0.002823,-0.000845,32.4984,-0.00009,-0.00119,-0.54868,1.09815,-0.54861,0.00160,0.00011,-0.00148,-0.54872,1.09821,-0.54863,0.00181,-0.00157,-0.00001,-0.00158,-0.00001,-0.00010,0.00271,0.00343,-1.29735,0.09036,0.03120,0.00013,0.00937,0.00356,-1.29769,0.09044,0.02681,-0.00153,-0.00005,-0.00154,-0.00005,6.000,6.000,12.000,12.000,6.000,6.000,6.000,6.000,12.000,12.000,6.000,6.000,6.000,6.000,6.000,6.000
0.2100,-0.00022,0.00036,0.46266,1.00000,0.00001,-0.00030,-0.00000,0.00859,0.00024,0.30144,0.30051,0.00066,0.00084,2,0.03482,0.04900,0.01900,0.003083,-0.001046,31.4846,0.002809,-0.001016,32.4903,0.003086,-0.000944,31.4936,0.002812,-0.000842,32.4999,-0.00009,-0.00129,-0.54872,1.09805,-0.54854,0.00169,0.00011,-0.00158,-0.54876,1.09812,-0.54857,0.00190,-0.00162,-0.00001,-0.00163,-0.00001,-0.00010,0.00271,0.00344,-1.29732,0.09002,0.03110,0.00012,0.00935,0.00357,-1.29767,0.09010,0.02672,-0.00150,-0.00004,-0.00152,-0.00004,6.000,6.000,12.000,12.000,6.000,6.000,6.000,6.000,12.000,12.000,6.000,6.000,6.000,6.000,6.000,6.000
0.2150,-0.00021,0.00038,0.46267,1.00000,0.00001,-0.00027,-0.00000,0.00860,0.00026,0.30144,0.30051,0.00060,0.00088,2,0.03482,0.04900,0.01900,0.003072,-0.001040,31.4861,0.002798,-0.001011,32.4917,0.003075,-0.000938,31.4951,0.002801,-0.000838,32.5013,-0.00009,-0.00138,-0.54876,1.09797,-0.54848,0.00179,0.00011,-0.00168,-0.54880,1.09804,-0.54851,0.00200,-0.00167,-0.00001,-0.00168,-0.00001,-0.00010,0.00270,0.00344,-1.29730,0.08969,0.03096,0.00012,0.00933,0.00357,-1.29765,0.08977,0.02658,-0.00148,-0.00004,-0.00149,-0.00004,6.000,6.000,12.000,12.000,6.000,6.000,6.000,6.000,12.000,12.000,6.000,6.000,6.000,6.000,6.000,6.000
0.2200,-0.00020,0.00041,0.46267,1.00000,0.00001,-0.00023,-0.00000,0.00860,0.00028,0.30145,0.30051,0.00053,0.00092,2,0.03482,0.04900,0.01900,0.003061,-0.001032,31.4875,0.002787,-0.001005,32.4930,0.003064,-0.000931,31.4965,0.002790,-0.000832,32.5026,-0.00009,-0.00149,-0.54880,1.09788,-0.54842,0.00189,0.00012,-0.00178,-0.54884,1.09796,-0.54846,0.00210,-0.00171,-0.00001,-0.00172,-0.00001,-0.00010,0.00269,0.00345,-1.29729,0.08937,0.03077,0.00012,0.00931,0.00358,-1.29764,0.08945,0.02640,-0.00145,-0.00004,-0.00147,-0.00004,6.000,6.000,12.000,12.000,6.000,6.000,6.000,6.000,12.000,12.000,6.000,6.000,6.000,6.000,6.000,6.000
0.2250,-0.00019,0.00044,0.46268,1.00000,0.00002,-0.00020,-0.00000,0.00860,0.00030,0.30145,0.30051,0.00047,0.00097,2,0.03482,0.04900,0.01900,0.003050,-0.001023,31.4889,0.002776,-0.000998,32.4942,0.003053,-0.000922,31.4978,0.002779,-0.000825,32.5038,-0.00009,-0.00159,-0.54884,1.09781,-0.54837,0.00200,0.00012,-0.00188,-0.54888,1.09788,-0.54840,0.00221,-0.00176,-0.00001,-0.00177,-0.00001,-0.00010,0.00268,0.00346,-1.29728,0.08904,0.03054,0.00012,0.00928,0.00358,-1.29763,0.08913,0.02618,-0.00143,-0.00004,-0.00145,-0.00004,6.000,6.000,12.000,12.000,6.000,6.000,6.000,6.000,12.000,12.000,6.000,6.000,6.000,6.000,6.000,6.000
0.2300,-0.00018,0.00047,0.46268,1.00000,0.00002,-0.00017,-0.00000,0.00861,0.00032,0.30145,0.30051,0.00041,0.00101,2,0.03482,0.04900,0.01900,0.003039,-0.001012,31.4902,0.002765,-0.000989,32.4953,0.003042,-0.000911,31.4990,0.002769,-0.000816,32.5049,-0.00009,-0.00170,-0.54888,1.09773,-0.54831,0.00211,0.00012,-0.00199,-0.54892,1.09781,-0.54835,0.00232,-0.00180,-0.00001,-0.00181,-0.00001,-0.00010,0.00265,0.00346,-1.29728,0.08873,0.03026,0.00012,0.00924,0.00359,-1.29764,0.08881,0.02591,-0.00141,-0.00004,-0.00143,-0.00004,6.000,6.000,12.000,12.000,6.000,6.000,6.000,6.000,12.000,12.000,6.000,6.000,6.000,6.000,6.000,6.000
0.2350,-0.00017,0.00050,0.46268,1.00000,0.00002,-0.00014,-0.00000,0.00861,0.00034,0.30146,0.30051,0.00035,0.00105,2,0.03482,0.04900,0.01900,0.003028,-0.001000,31.4914,0.002755,-0.000978,32.4964,0.003031,-0.000899,31.5002,0.002758,-0.000806,32.5059,-0.00009,-0.00181,-0.54892,1.09766,-0.54826,0.00222,0.00012,-0.00210,-0.54896,1.09774,-0.54830,0.00243,-0.00184,-0.00001,-0.00185,-0.00001,-0.00010,0.00263,0.00347,-1.29729,0.08842,0.02995,0.00012,0.00920,0.00360,-1.29764,0.08850,0.02561,-0.00138,-0.00004,-0.00140,-0.00004,6.000,6.000,12.000,12.000,6.000,6.000,6.000,6.000,12.000,12.000,6.000,6.000,6.000,6.000,6.000,6.000
0.2400,-0.00016,0.00053,0.46269,1.00000,0.00002,-0.00012,-0.00001,0.00861,0.00036,0.30146,0.30051,0.00029,0.00110,2,0.03482,0.04900,0.01900,0.003017,-0.000986,31.4925,0.002744,-0.000966,32.4974,0.003021,-0.000886,31.5012,0.002747,-0.000794,32.5069,-0.00009,-0.00193,-0.54896,1.09759,-0.54821,0.00233,0.00012,-0.00222,-0.54900,1.09768,-0.54825,0.00254,-0.00188,-0.00001,-0.00189,-0.00001,-0.00011,0.00260,0.00348,-1.29730,0.08812,0.02959,0.00011,0.00915,0.00361,-1.29765,0.08820,0.02526,-0.00136,-0.00004,-0.00138,-0.00004,6.000,6.000,12.000,12.000,6.000,6.000,6.000,6.000,12.000,12.000,6.000,6.000,6.000,6.000,6.000,6.000
0.2450,-0.00015,0.00056,0.46269,1.00000,0.00002,-0.00009,-0.00001,0.00862,0.00039,0.30146,0.30051,0.00023,0.00115,2,0.03482,0.04900,0.01900,0.003007,-0.000970,31.4936,0.002734,-0.000953,32.4984,0.003010,-0.000870,31.5022,0.002737,-0.000781,32.5078,-0.00009,-0.00205,-0.54900,1.09753,-0.54816,0.00245,0.00012,-0.00234,-0.54905,1.09762,-0.54820,0.00266,-0.00192,-0.00000,-0.00193,-0.00000,-0.00011,0.00256,0.00349,-1.29732,0.08783,0.02919,0.00011,0.00910,0.00361,-1.29767,0.08791,0.02487,-0.00134,-0.00005,-0.00136,-0.00005,6.000,6.000,12.000,12.000,6.000,6.000,6.000,6.000,12.000,12.000,6.000,6.000,6.000,6.000,6.000,6.000
0.2500,-0.00015,0.00059,0.46269,1.00000,0.00002,-0.00006,-0.00001,0.00862,0.00041,0.30146,0.30051,0.00018,0.00119,2,0.03482,0.04900,0.01900,0.002997,-0.000954,31.4947,0.002724,-0.000938,32.4993,0.003000,-0.000854,31.5031,0.002727,-0.000767,32.5086,-0.00009,-0.00218,-0.54903,1.09746,-0.54811,0.00257,0.00012,-0.00247,-0.54909,1.09756,-0.54815,0.00278,-0.00196,-0.00000,-0.00197,-0.00000,-0.00011,0.00252,0.00351,-1.29733,0.08754,0.02876,0.00011,0.00904,0.00363,-1.29768,0.08762,0.02444,-0.00132,-0.00005,-0.00134,-0.00005,6.000,6.000,12.000,12.000,6.000,6.000,6.000,6.000,12.000,12.000,6.000,6.000,6.000,6.000,6.000,6.000
0.2550,-0.00014,0.00063,0.46270,1.00000,0.00002,-0.00004,-0.00001,0.00862,0.00044,0.30147,0.30051,0.00012,0.00124,2,0.03482,0.04900,0.01900,0.002987,-0.000935,31.4956,0.002714,-0.000922,32.5002,0.002991,-0.000836,31.5040,0.002718,-0.000751,32.5094,-0.00009,-0.00231,-0.54907,1.09741,-0.54807,0.00270,0.00012,-0.00260,-0.54913,1.09750,-0.54811,0.00291,-0.00200,-0.00000,-0.00201,-0.00000,-0.00011,0.00247,0.00352,-1.29735,0.08727,0.02828,0.00011,0.00898,0.00364,-1.29770,0.08735,0.02397,-0.00130,-0.00005,-0.00132,-0.00005,6.000,6.000,12.000,12.000,6.000,6.000,6.000,6.000,12.000,12.000,6.000,6.000,6.000,6.000,6.000,6.000
