t,x,y,z,qw,qx,qy,qz,com_x,com_y,com_z,com_ref_z,tilt,com_ref_y,n_stance,swing_z,degraded,cop_lx,cop_ly,slip_l,slip_r,patch_lx,patch_ly,fqp_l_x,fqp_l_y,fqp_l_z,fmj_l_x,fmj_l_y,fmj_l_z,fqp_r_x,fqp_r_y,fqp_r_z,fmj_r_x,fmj_r_y,fmj_r_z,cop_qp_l_x,cop_qp_l_y,fz_qp_l,cop_mj_l_x,cop_mj_l_y,fz_mj_l,cop_qp_r_x,cop_qp_r_y,fz_qp_r,cop_mj_r_x,cop_mj_r_y,fz_mj_r,left_hip_pitch_joint,left_hip_roll_joint,left_hip_yaw_joint,left_knee_joint,left_ankle_pitch_joint,left_ankle_roll_joint,right_hip_pitch_joint,right_hip_roll_joint,right_hip_yaw_joint,right_knee_joint,right_ankle_pitch_joint,right_ankle_roll_joint,left_shoulder_pitch_joint,left_elbow_joint,right_shoulder_pitch_joint,right_elbow_joint,tau_left_hip_pitch_joint,tau_left_hip_roll_joint,tau_left_hip_yaw_joint,tau_left_knee_joint,tau_left_ankle_pitch_joint,tau_left_ankle_roll_joint,tau_right_hip_pitch_joint,tau_right_hip_roll_joint,tau_right_hip_yaw_joint,tau_right_knee_joint,tau_right_ankle_pitch_joint,tau_right_ankle_roll_joint,tau_left_shoulder_pitch_joint,tau_left_elbow_joint,tau_right_shoulder_pitch_joint,tau_right_elbow_joint,lim_left_hip_pitch_joint,lim_left_hip_roll_joint,lim_left_hip_yaw_joint,lim_left_knee_joint,lim_left_ankle_pitch_joint,lim_left_ankle_roll_joint,lim_right_hip_pitch_joint,lim_right_hip_roll_joint,lim_right_hip_yaw_joint,lim_right_knee_joint,lim_right_ankle_pitch_joint,lim_right_ankle_roll_joint,lim_left_shoulder_pitch_joint,lim_left_elbow_joint,lim_right_shoulder_pitch_joint,lim_right_elbow_joint
0.0000,-0.00009,0.00000,0.75210,1.00000,-0.00000,-0.00093,-0.00000,0.03516,0.00007,0.68452,0.68452,0.00183,0.00007,2,0.03428,0,0.08500,0.03000,0.0862,0.0862,0.056853,0.118397,16.2346,-0.1224,131.5728,-8.9380,-0.6137,173.2324,16.2324,0.0509,131.3514,-8.9347,0.6301,173.0819,-0.082902,-0.000337,131.5657,0.025531,-0.000134,173.2324,-0.083028,0.000711,131.3443,0.025547,0.000147,173.0819,-0.32321,0.00004,-0.00002,0.70517,-0.38050,-0.00002,-0.32321,-0.00003,0.00001,0.70517,-0.38050,0.00002,0.00130,0.00117,0.00130,0.00117,-1.62380,-0.17733,0.11798,-14.53381,-5.57147,0.04848,-1.63003,0.17176,-0.11349,-14.51558,-5.57749,-0.09496,-1.17129,-0.78920,-1.17113,-0.78922,88.000,88.000,88.000,139.000,35.000,35.000,88.000,88.000,88.000,139.000,35.000,35.000,25.000,25.000,25.000,25.000
0.0050,-0.00012,0.00000,0.75216,1.00000,-0.00000,-0.00094,-0.00000,0.03512,0.00007,0.68462,0.68452,0.00187,0.00007,2,0.03434,0,0.08500,0.03000,0.2102,0.2105,-0.048342,0.118241,9.4481,-0.1149,141.5227,17.5238,-0.1867,138.9290,9.4467,0.0644,141.3058,17.5200,0.1293,138.7105,-0.046614,-0.000394,141.5189,-0.079664,-0.000290,138.9290,-0.046672,0.000617,141.3019,-0.079774,0.000617,138.7105,-0.32330,0.00004,-0.00002,0.70527,-0.38052,-0.00002,-0.32329,-0.00003,0.00002,0.70527,-0.38052,0.00001,0.00119,0.00114,0.00119,0.00114,-0.67929,-0.18731,0.10874,-13.16558,-1.28228,0.05980,-0.68561,0.18319,-0.10717,-13.14770,-1.28809,-0.08959,-1.25106,-0.90912,-1.25156,-0.90914,88.000,88.000,88.000,139.000,35.000,35.000,88.000,88.000,88.000,139.000,35.000,35.000,25.000,25.000,25.000,25.000
0.0100,-0.00015,0.00000,0.75219,1.00000,-0.00000,-0.00093,-0.00000,0.03509,0.00008,0.68468,0.68452,0.00188,0.00007,2,0.03441,0,0.08500,0.03000,0.1246,0.1248,-0.014665,0.118172,5.0852,-0.1113,147.7783,11.0938,-0.1515,148.3578,5.0836,0.0774,147.5646,11.0926,0.1077,148.1417,-0.026185,-0.000447,147.7761,-0.045983,-0.000359,148.3578,-0.026211,0.000577,147.5624,-0.046037,0.000564,148.1417,-0.32347,0.00004,-0.00002,0.70554,-0.38065,-0.00001,-0.32347,-0.00003,0.00002,0.70554,-0.38065,-0.00000,0.00108,0.00113,0.00108,0.00113,-0.07126,-0.19757,0.10529,-12.29553,1.43099,0.06985,-0.07724,0.19533,-0.10429,-12.27798,1.42519,-0.08781,-1.29712,-0.98287,-1.29742,-0.98287,88.000,88.000,88.000,139.000,35.000,35.000,88.000,88.000,88.000,139.000,35.000,35.000,25.000,25.000,25.000,25.000
0.0150,-0.00017,0.00000,0.75220,1.00000,-0.00000,-0.00091,-0.00000,0.03508,0.00008,0.68472,0.68451,0.00186,0.00007,2,0.03446,1,0.08500,0.03000,0.0740,0.0741,0.004616,0.118123,-85.2064,89.9719,149.9652,6.8461,-0.1487,154.2471,89.9338,-89.9941,150.0440,6.8448,0.1189,154.0344,0.035826,0.030002,150.0002,-0.026698,-0.000408,154.2471,-0.085002,-0.029491,150.0002,-0.026723,0.000530,154.0344,-0.32372,0.00004,-0.00002,0.70594,-0.38085,-0.00000,-0.32372,-0.00003,0.00002,0.70594,-0.38085,-0.00002,0.00097,0.00113,0.00097,0.00113,-0.07126,-0.19757,0.10529,-12.29553,1.43099,0.06985,-0.07724,0.19533,-0.10429,-12.27798,1.42519,-0.08781,-1.29712,-0.98287,-1.29742,-0.98287,88.000,88.000,88.000,139.000,35.000,35.000,88.000,88.000,88.000,139.000,35.000,35.000,25.000,25.000,25.000,25.000
0.0200,-0.00018,0.00000,0.75219,1.00000,-0.00000,-0.00089,0.00000,0.03508,0.00008,0.68475,0.68449,0.00183,0.00007,2,0.03451,1,0.08500,0.03000,0.0730,0.0731,0.004722,0.118122,-90.0696,89.9821,149.9620,6.7614,-0.1483,154.3260,89.3691,-89.9924,150.0464,6.7599,0.1189,154.1133,0.085002,0.029764,150.0002,-0.026587,-0.000409,154.3260,-0.014946,-0.013186,150.0002,-0.026612,0.000531,154.1133,-0.32404,0.00003,-0.00002,0.70646,-0.38113,0.00001,-0.32403,-0.00003,0.00002,0.70646,-0.38113,-0.00003,0.00087,0.00115,0.00087,0.00115,-0.07126,-0.19757,0.10529,-12.29553,1.43099,0.06985,-0.07724,0.19533,-0.10429,-12.27798,1.42519,-0.08781,-1.29712,-0.98287,-1.29742,-0.98287,88.000,88.000,88.000,139.000,35.000,35.000,88.000,88.000,88.000,139.000,35.000,35.000,25.000,25.000,25.000,25.000
0.0250,-0.00018,0.00000,0.75216,1.00000,-0.00000,-0.00085,0.00000,0.03509,0.00008,0.68475,0.68448,0.00178,0.00007,2,0.03455,1,0.08500,0.03000,0.0728,0.0728,0.004806,0.118122,-90.0721,89.9924,149.9611,6.7456,-0.1487,154.5732,83.8865,-89.9907,150.0462,6.7439,0.1196,154.3604,0.085002,0.022234,150.0002,-0.026499,-0.000409,154.5732,-0.025927,-0.029729,150.0002,-0.026524,0.000531,154.3604,-0.32441,0.00003,-0.00002,0.70710,-0.38147,0.00001,-0.32441,-0.00003,0.00002,0.70709,-0.38147,-0.00004,0.00077,0.00117,0.00077,0.00117,-0.07126,-0.19757,0.10529,-12.29553,1.43099,0.06985,-0.07724,0.19533,-0.10429,-12.27798,1.42519,-0.08781,-1.29712,-0.98287,-1.29742,-0.98287,88.000,88.000,88.000,139.000,35.000,35.000,88.000,88.000,88.000,139.000,35.000,35.000,25.000,25.000,25.000,25.000
0.0300,-0.00018,0.00000,0.75211,1.00000,-0.00000,-0.00081,0.00000,0.03511,0.00008,0.68473,0.68445,0.00171,0.00007,2,0.03458,1,0.08500,0.03000,0.0729,0.0730,0.004874,0.118123,-90.0747,89.9930,149.9601,6.7766,-0.1497,154.9282,78.2999,-89.9822,150.0459,6.7750,0.1209,154.7155,0.085002,0.029507,150.0002,-0.026426,-0.000409,154.9282,-0.057024,-0.029264,150.0002,-0.026451,0.000530,154.7155,-0.32485,0.00003,-0.00003,0.70785,-0.38189,0.00002,-0.32485,-0.00003,0.00002,0.70784,-0.38189,-0.00005,0.00067,0.00121,0.00067,0.00121,-0.07126,-0.19757,0.10529,-12.29553,1.43099,0.06985,-0.07724,0.19533,-0.10429,-12.27798,1.42519,-0.08781,-1.29712,-0.98287,-1.29742,-0.98287,88.000,88.000,88.000,139.000,35.000,35.000,88.000,88.000,88.000,139.000,35.000,35.000,25.000,25.000,25.000,25.000
0.0350,-0.00017,0.00000,0.75204,1.00000,-0.00000,-0.00076,0.00000,0.03514,0.00008,0.68469,0.68443,0.00162,0.00007,2,0.03460,1,0.08500,0.03000,0.0734,0.0735,0.004930,0.118123,-90.0777,89.9919,149.9590,6.8408,-0.1509,155.3484,72.5755,-89.9702,150.0455,6.8391,0.1223,155.1359,0.085002,0.029635,150.0002,-0.026365,-0.000408,155.3484,-0.043578,-0.022109,150.0002,-0.026390,0.000529,155.1359,-0.32535,0.00003,-0.00003,0.70872,-0.38239,0.00003,-0.32535,-0.00003,0.00002,0.70872,-0.38239,-0.00006,0.00058,0.00126,0.00057,0.00126,-0.07126,-0.19757,0.10529,-12.29553,1.43099,0.06985,-0.07724,0.19533,-0.10429,-12.27798,1.42519,-0.08781,-1.29712,-0.98287,-1.29742,-0.98287,88.000,88.000,88.000,139.000,35.000,35.000,88.000,88.000,88.000,139.000,35.000,35.000,25.000,25.000,25.000,25.000
0.0400,-0.00016,0.00000,0.75194,1.00000,-0.00000,-0.00070,0.00000,0.03517,0.00007,0.68464,0.68440,0.00152,0.00007,2,0.03462,1,0.08500,0.03000,0.0740,0.0741,0.004981,0.118124,-90.0810,89.9909,149.9577,6.9180,-0.1522,155.7799,66.6927,-89.9582,150.0448,6.9162,0.1236,155.5673,0.085002,-0.009707,150.0002,-0.026308,-0.000408,155.7799,-0.008090,-0.029374,150.0002,-0.026333,0.000529,155.5673,-0.32592,0.00003,-0.00003,0.70972,-0.38296,0.00004,-0.32592,-0.00003,0.00002,0.70972,-0.38296,-0.00007,0.00049,0.00131,0.00048,0.00131,-0.07126,-0.19757,0.10529,-12.29553,1.43099,0.06985,-0.07724,0.19533,-0.10429,-12.27798,1.42519,-0.08781,-1.29712,-0.98287,-1.29742,-0.98287,88.000,88.000,88.000,139.000,35.000,35.000,88.000,88.000,88.000,139.000,35.000,35.000,25.000,25.000,25.000,25.000
0.0450,-0.00014,0.00000,0.75183,1.00000,-0.00000,-0.00064,0.00000,0.03522,0.00007,0.68457,0.68437,0.00140,0.00007,2,0.03464,1,0.08500,0.03000,0.0747,0.0747,0.005034,0.118124,-90.0845,89.9899,149.9561,6.9959,-0.1534,156.1886,60.6441,-89.9461,150.0438,6.9941,0.1249,155.9761,0.085002,0.006940,150.0002,-0.026250,-0.000408,156.1886,-0.070625,0.026153,150.0002,-0.026275,0.000528,155.9761,-0.32656,0.00003,-0.00003,0.71086,-0.38362,0.00005,-0.32655,-0.00002,0.00002,0.71085,-0.38362,-0.00008,0.00040,0.00138,0.00040,0.00138,-0.07126,-0.19757,0.10529,-12.29553,1.43099,0.06985,-0.07724,0.19533,-0.10429,-12.27798,1.42519,-0.08781,-1.29712,-0.98287,-1.29742,-0.98287,88.000,88.000,88.000,139.000,35.000,35.000,88.000,88.000,88.000,139.000,35.000,35.000,25.000,25.000,25.000,25.000
0.0500,-0.00015,-0.00002,0.75174,1.00000,-0.00001,-0.00054,0.00021,0.03528,0.00007,0.68448,0.68433,0.00127,0.00007,2,0.03473,0,0.08500,0.03000,0.0753,0.0753,0.005091,0.118124,-90.0880,89.9890,149.9545,7.0683,-0.1545,156.5567,54.4302,-89.9340,150.0424,7.0664,0.1259,156.3442,0.085002,-0.030002,150.0002,-0.026188,-0.000408,156.5567,0.081065,0.029959,150.0002,-0.026212,0.000528,156.3442,-0.32814,0.00047,0.00136,0.71319,-0.38338,0.00065,-0.32733,0.00009,-0.00031,0.71252,-0.38447,-0.00092,0.00009,0.00299,0.00012,0.00296,-44.24584,-42.76405,31.84932,-27.09600,13.05383,1.34919,48.65828,49.76122,-19.00056,20.07760,20.04764,-1.34462,0.80159,1.88596,-0.42363,1.80528,88.000,88.000,88.000,139.000,35.000,35.000,88.000,88.000,88.000,139.000,35.000,35.000,25.000,25.000,25.000,25.000
0.0550,-0.00022,-0.00006,0.75167,1.00000,-0.00004,-0.00041,0.00079,0.03535,0.00008,0.68442,0.68429,0.00108,0.00007,2,0.03494,1,0.08500,0.03000,0.6909,0.8345,0.063584,0.102707,-90.0726,87.0851,150.0863,-55.1149,77.2244,228.8776,53.6684,-89.8824,150.0840,51.6044,-70.2148,174.0273,0.085003,-0.020228,150.0002,0.032238,-0.015707,228.8776,-0.009068,-0.030003,150.0002,0.067279,0.018066,174.0273,-0.33102,0.00180,0.00557,0.71700,-0.38220,0.00197,-0.32823,0.00035,-0.00126,0.71497,-0.38577,-0.00284,-0.00049,0.00678,-0.00037,0.00669,-44.24584,-42.76405,31.84932,-27.09600,13.05383,1.34919,48.65828,49.76122,-19.00056,20.07760,20.04764,-1.34462,0.80159,1.88596,-0.42363,1.80528,88.000,88.000,88.000,139.000,35.000,35.000,88.000,88.000,88.000,139.000,35.000,35.000,25.000,25.000,25.000,25.000
0.0600,-0.00032,-0.00016,0.75161,1.00000,-0.00016,-0.00027,0.00191,0.03540,0.00008,0.68440,0.68425,0.00082,0.00007,2,0.03525,1,0.08500,0.03000,0.9061,0.8356,0.116578,0.103496,-90.2123,89.2310,150.3336,-79.5908,29.8689,156.3710,58.5819,-87.0012,150.1667,51.8969,-71.7832,176.6858,0.085007,0.000751,150.0005,0.085014,-0.014906,156.3710,-0.024926,-0.030007,150.0005,0.066885,0.017877,176.6858,-0.33424,0.00495,0.01616,0.71998,-0.38170,0.00398,-0.32890,0.00085,-0.00307,0.71805,-0.38625,-0.00442,-0.00124,0.01223,-0.00088,0.01211,-44.24584,-42.76405,31.84932,-27.09600,13.05383,1.34919,48.65828,49.76122,-19.00056,20.07760,20.04764,-1.34462,0.80159,1.88596,-0.42363,1.80528,88.000,88.000,88.000,139.000,35.000,35.000,88.000,88.000,88.000,139.000,35.000,35.000,25.000,25.000,25.000,25.000
0.0650,-0.00043,-0.00030,0.75151,0.99999,-0.00038,-0.00014,0.00376,0.03544,0.00006,0.68437,0.68420,0.00054,0.00007,2,0.03560,1,0.08500,0.03000,0.9009,0.8576,0.117248,0.104692,-91.2868,88.1515,150.3222,-83.5025,32.5720,165.8206,70.5025,-73.0757,150.0199,40.7764,-73.1342,162.7294,0.085008,-0.014172,150.0006,0.085017,-0.013164,165.8206,-0.006763,-0.030008,150.0006,0.085012,0.030012,162.7294,-0.33765,0.00946,0.03249,0.72141,-0.38042,0.00714,-0.32892,0.00171,-0.00579,0.72149,-0.38419,-0.00599,-0.00213,0.01899,-0.00126,0.01883,-44.24584,-42.76405,31.84932,-27.09600,13.05383,1.34919,48.65828,49.76122,-19.00056,20.07760,20.04764,-1.34462,0.80159,1.88596,-0.42363,1.80528,88.000,88.000,88.000,139.000,35.000,35.000,88.000,88.000,88.000,139.000,35.000,35.000,25.000,25.000,25.000,25.000
0.0700,-0.00058,-0.00050,0.75141,0.99998,-0.00072,0.00000,0.00634,0.03546,0.00002,0.68430,0.68415,0.00076,0.00007,2,0.03602,1,0.08500,0.03000,0.8488,0.8567,0.116759,0.146769,83.5351,93.6537,149.6163,-56.4603,34.4605,129.8870,-88.5766,-62.2849,150.8778,42.1690,-74.9523,167.3161,0.046805,0.015007,150.0006,0.085015,0.030007,129.8870,-0.017981,0.030008,150.0006,0.085039,0.018740,167.3161,-0.34121,0.01540,0.05441,0.72077,-0.37727,0.01496,-0.32850,0.00260,-0.00962,0.72535,-0.38645,-0.00861,-0.00312,0.02683,-0.00145,0.02667,-44.24584,-42.76405,31.84932,-27.09600,13.05383,1.34919,48.65828,49.76122,-19.00056,20.07760,20.04764,-1.34462,0.80159,1.88596,-0.42363,1.80528,88.000,88.000,88.000,139.000,35.000,35.000,88.000,88.000,88.000,139.000,35.000,35.000,25.000,25.000,25.000,25.000
0.0750,-0.00075,-0.00074,0.75129,0.99995,-0.00115,0.00017,0.00971,0.03546,-0.00006,0.68420,0.68409,0.00143,0.00007,2,0.03651,1,0.08500,0.03000,0.8885,0.8512,0.120354,0.103411,84.0681,95.8878,149.7963,-86.5948,37.1005,176.7076,-83.7925,-45.6896,151.0273,43.5552,-73.2300,166.8359,-0.085009,0.030009,150.0007,0.085012,-0.012004,176.7076,-0.085009,-0.030009,150.0007,0.085051,0.018415,166.8359,-0.34507,0.02169,0.07955,0.71931,-0.37517,0.02298,-0.32760,0.00355,-0.01440,0.72951,-0.39003,-0.01122,-0.00420,0.03561,-0.00142,0.03539,-44.24584,-42.76405,31.84932,-27.09600,13.05383,1.34919,48.65828,49.76122,-19.00056,20.07760,20.04764,-1.34462,0.80159,1.88596,-0.42363,1.80528,88.000,88.000,88.000,139.000,35.000,35.000,88.000,88.000,88.000,139.000,35.000,35.000,25.000,25.000,25.000,25.000
0.0800,-0.00096,-0.00101,0.75121,0.99990,-0.00157,0.00038,0.01373,0.03544,-0.00016,0.68408,0.68403,0.00229,0.00007,2,0.03708,1,0.08500,0.03000,0.9113,0.8535,0.043951,0.089937,80.5789,98.4705,150.0384,-63.3791,175.5147,341.2769,-68.2248,-47.9373,151.0203,43.4617,-74.8842,169.0656,-0.070217,-0.023698,150.0007,0.005434,-0.015787,341.2769,0.072407,0.030010,150.0007,0.085061,0.030017,169.0656,-0.35099,0.02648,0.09966,0.72221,-0.37139,0.03094,-0.32631,0.00468,-0.01971,0.73399,-0.39106,-0.01187,-0.00533,0.04534,-0.00117,0.04485,-44.24584,-42.76405,31.84932,-27.09600,13.05383,1.34919,48.65828,49.76122,-19.00056,20.07760,20.04764,-1.34462,0.80159,1.88596,-0.42363,1.80528,88.000,88.000,88.000,139.000,35.000,35.000,88.000,88.000,88.000,139.000,35.000,35.000,25.000,25.000,25.000,25.000
0.0850,-0.00119,-0.00131,0.75111,0.99983,-0.00204,0.00061,0.01844,0.03540,-0.00022,0.68403,0.68397,0.00313,0.00007,2,0.03773,1,0.08500,0.03000,0.0000,0.8529,0.000000,0.000000,78.0438,100.5783,149.9803,0.0000,0.0000,0.0000,-53.6888,-73.8020,151.0865,44.0978,-75.4659,170.8053,-0.085009,0.030009,150.0008,0.000000,0.000000,0.0000,-0.085010,-0.030009,150.0008,0.085087,0.030007,170.8053,-0.35727,0.03096,0.12088,0.72443,-0.36662,0.03814,-0.32447,0.00614,-0.02558,0.73883,-0.39080,-0.01229,-0.00645,0.05572,-0.00061,0.05488,-44.24584,-42.76405,31.84932,-27.09600,13.05383,1.34919,48.65828,49.76122,-19.00056,20.07760,20.04764,-1.34462,0.80159,1.88596,-0.42363,1.80528,88.000,88.000,88.000,139.000,35.000,35.000,88.000,88.000,88.000,139.000,35.000,35.000,25.000,25.000,25.000,25.000
0.0900,-0.00143,-0.00164,0.75100,0.99971,-0.00260,0.00084,0.02388,0.03534,-0.00028,0.68396,0.68390,0.00405,0.00007,2,0.03846,1,0.08500,0.03000,0.0000,0.8456,0.000000,0.000000,97.6368,-38.8357,149.7978,0.0000,0.0000,0.0000,-59.9350,79.7516,151.6152,48.5571,-76.7505,179.0109,0.018967,0.030010,150.0008,0.000000,0.000000,0.0000,0.085010,-0.030010,150.0008,0.085122,0.015827,179.0109,-0.36318,0.03527,0.14535,0.72338,-0.35866,0.04448,-0.32221,0.00771,-0.03218,0.74410,-0.39540,-0.01536,-0.00756,0.06657,0.00027,0.06540,-44.24584,-42.76405,31.84932,-27.09600,13.05383,1.34919,48.65828,49.76122,-19.00056,20.07760,20.04764,-1.34462,0.80159,1.88596,-0.42363,1.80528,88.000,88.000,88.000,139.000,35.000,35.000,88.000,88.000,88.000,139.000,35.000,35.000,25.000,25.000,25.000,25.000
0.0950,-0.00171,-0.00196,0.75070,0.99955,-0.00320,0.00131,0.02988,0.03527,-0.00037,0.68386,0.68383,0.00516,0.00007,2,0.03903,1,0.08500,0.03000,0.8908,0.0000,0.130305,0.095508,93.8892,-7.8764,149.7003,-93.3730,39.3029,189.5370,-52.9266,65.0140,151.6323,0.0000,0.0000,0.0000,-0.041339,0.030004,150.0004,0.085023,-0.012203,189.5370,0.085004,-0.030004,150.0004,0.000000,0.000000,0.0000,-0.37048,0.03610,0.16289,0.72353,-0.36051,0.04661,-0.32055,0.00984,-0.03746,0.74928,-0.39787,-0.01696,-0.00806,0.07270,0.00237,0.07105,-2.34225,-2.60102,-11.84884,1.43679,-2.19247,-3.19958,-5.37270,-0.56572,2.98194,-1.23752,2.48715,2.63610,-0.73846,-6.52082,-1.68117,-6.36283,88.000,88.000,88.000,139.000,35.000,35.000,88.000,88.000,88.000,139.000,35.000,35.000,25.000,25.000,25.000,25.000
0.1000,-0.00207,-0.00224,0.75014,0.99935,-0.00373,0.00208,0.03573,0.03519,-0.00047,0.68363,0.68376,0.00631,0.00007,2,0.03939,1,0.08500,0.03000,0.9791,1.0980,-0.040213,0.092285,91.5168,1.3698,150.4634,-9.7230,44.1771,77.0002,-52.5710,56.7676,151.9975,2.1980,-33.9302,51.6118,0.025385,0.030004,150.0004,-0.085012,0.025064,77.0002,0.085004,-0.030004,150.0004,0.085168,-0.030015,51.6118,-0.37989,0.03240,0.16895,0.72632,-0.36005,0.04857,-0.32029,0.01201,-0.04079,0.75496,-0.40265,-0.01865,-0.00820,0.07379,0.00520,0.07161,-1.46707,-0.53236,-7.11427,0.53263,1.48164,-0.42730,-4.79634,-0.72760,2.19313,-1.30253,1.04289,0.20650,-1.12284,-3.42912,-2.37914,-3.17872,88.000,88.000,88.000,139.000,35.000,35.000,88.000,88.000,88.000,139.000,35.000,35.000,25.000,25.000,25.000,25.000
0.1050,-0.00249,-0.00247,0.74936,0.99915,-0.00418,0.00302,0.04089,0.03511,-0.00056,0.68320,0.68368,0.00731,0.00007,2,0.03952,1,0.08500,0.03000,1.0536,1.0794,-0.037228,0.086895,92.7136,-4.7275,151.0579,-3.5061,30.6155,48.7452,-56.6020,54.7248,152.3278,1.8575,-21.9236,33.9731,0.076562,0.030004,150.0004,-0.085028,0.025094,48.7452,0.085004,-0.030004,150.0004,0.085182,-0.030019,33.9731,-0.39064,0.02647,0.16777,0.73193,-0.35599,0.05205,-0.32130,0.01421,-0.04228,0.76096,-0.40983,-0.02145,-0.00847,0.07275,0.00782,0.07027,-0.66765,0.94070,-2.96850,-0.70945,-1.67664,-2.00212,-4.19158,-0.70754,1.48305,-1.60003,2.77655,1.35207,-1.10648,-2.14120,-2.46219,-1.91656,88.000,88.000,88.000,139.000,35.000,35.000,88.000,88.000,88.000,139.000,35.000,35.000,25.000,25.000,25.000,25.000
0.1100,-0.00295,-0.00267,0.74838,0.99896,-0.00455,0.00404,0.04522,0.03502,-0.00064,0.68261,0.68360,0.00811,0.00007,2,0.03939,1,0.08500,0.03000,0.9981,0.0000,-0.035013,0.083314,95.3668,-13.8734,151.2130,-6.6533,35.0653,59.5979,-61.0072,53.9357,152.4031,0.0000,0.0000,0.0000,0.085004,0.030004,150.0004,-0.085020,0.025111,59.5979,0.085004,-0.030004,150.0004,0.000000,0.000000,0.0000,-0.40172,0.02012,0.16365,0.73929,-0.35226,0.05464,-0.32323,0.01653,-0.04233,0.76670,-0.41555,-0.02344,-0.00890,0.07074,0.00992,0.06824,-0.27147,1.45088,-0.78532,-1.91323,-2.18904,-2.14935,-3.67232,-0.76753,0.76441,-1.66491,2.87799,1.19582,-1.01969,-1.55460,-2.31779,-1.43894,88.000,88.000,88.000,139.000,35.000,35.000,88.000,88.000,88.000,139.000,35.000,35.000,25.000,25.000,25.000,25.000
0.1150,-0.00344,-0.00285,0.74720,0.99878,-0.00487,0.00512,0.04883,0.03494,-0.00070,0.68183,0.68351,0.00872,0.00007,2,0.03900,1,0.08500,0.03000,0.0000,0.9571,0.000000,0.000000,96.7123,-17.4309,151.1566,0.0000,0.0000,0.0000,-65.7576,54.4531,152.5453,6.4197,-24.7653,44.5500,0.085004,0.030004,150.0004,0.000000,0.000000,0.0000,0.085004,-0.030004,150.0004,0.085183,-0.030012,44.5500,-0.41227,0.01442,0.16012,0.74617,-0.35117,0.05550,-0.32592,0.01852,-0.04168,0.77223,-0.42348,-0.02574,-0.00947,0.06824,0.01143,0.06600,-0.33388,1.35623,-0.38614,-2.18620,-1.39627,-1.17623,-3.28056,-0.75928,0.29278,-1.64701,3.14993,1.33343,-0.94898,-1.24752,-2.10341,-1.25280,88.000,88.000,88.000,139.000,35.000,35.000,88.000,88.000,88.000,139.000,35.000,35.000,25.000,25.000,25.000,25.000
0.1200,-0.00396,-0.00302,0.74586,0.99862,-0.00514,0.00627,0.05184,0.03486,-0.00077,0.68086,0.68342,0.01071,0.00007,2,0.03837,1,0.08500,0.03000,0.8810,0.9236,0.018216,0.092366,98.1261,-22.9651,151.4655,-18.7426,41.2209,85.6622,-67.6455,58.0657,152.3162,8.2966,-25.1224,47.7415,0.085004,0.030004,150.0004,-0.033345,0.026661,85.6622,0.085004,-0.030004,150.0004,0.085169,-0.005810,47.7415,-0.42302,0.00944,0.15588,0.75514,-0.35236,0.05953,-0.32930,0.01991,-0.04095,0.77742,-0.43300,-0.02685,-0.01015,0.06559,0.01235,0.06373,-0.37228,1.12422,-0.29446,-2.55175,-0.62588,-1.80706,-2.94341,-0.57168,0.12996,-1.58008,4.07742,1.08916,-0.88346,-1.08394,-1.86703,-1.17920,88.000,88.000,88.000,139.000,35.000,35.000,88.000,88.000,88.000,139.000,35.000,35.000,25.000,25.000,25.000,25.000
0.1250,-0.00451,-0.00319,0.74437,0.99848,-0.00536,0.00748,0.05434,0.03477,-0.00083,0.67975,0.68333,0.01306,0.00007,2,0.03755,1,0.08500,0.03000,0.8292,0.5280,0.027609,0.093192,101.1644,-35.7415,151.8233,-17.2821,36.5890,81.3348,-63.9557,64.2752,151.7847,2.4157,-17.8792,56.9512,0.085010,0.030010,150.0008,-0.024804,0.026909,81.3348,0.085010,-0.030010,150.0008,0.085143,-0.005926,56.9512,-0.43388,0.00544,0.15157,0.76572,-0.35523,0.06434,-0.33327,0.02077,-0.04037,0.78249,-0.44351,-0.02731,-0.01089,0.06289,0.01273,0.06150,-0.25055,0.81197,0.00441,-3.49107,0.33426,-2.80138,-2.63165,-0.34484,0.13426,-1.53332,4.71846,0.69398,-0.83111,-1.00723,-1.63708,-1.15111,88.000,88.000,88.000,139.000,35.000,35.000,88.000,88.000,88.000,139.000,35.000,35.000,25.000,25.000,25.000,25.000
0.1300,-0.00509,-0.00335,0.74274,0.99835,-0.00554,0.00873,0.05643,0.03467,-0.00088,0.67850,0.68323,0.01551,0.00007,2,0.03659,1,0.08500,0.03000,0.5489,0.3182,0.030292,0.092856,103.9730,-47.9947,152.0302,-8.6149,32.1611,101.0987,-57.8753,69.6334,151.1842,-1.3649,-12.0703,63.6327,0.085010,0.030010,150.0008,-0.022766,0.026957,101.0987,0.085010,-0.030010,150.0008,0.085109,-0.003901,63.6327,-0.44483,0.00232,0.14761,0.77717,-0.35778,0.06850,-0.33775,0.02120,-0.04000,0.78765,-0.45480,-0.02748,-0.01164,0.06023,0.01265,0.05929,-0.14263,0.41377,-0.01273,-4.19726,0.87088,-2.88010,-2.35790,-0.15216,0.21496,-1.58427,5.21152,0.53292,-0.79819,-0.96955,-1.43061,-1.13235,88.000,88.000,88.000,139.000,35.000,35.000,88.000,88.000,88.000,139.000,35.000,35.000,25.000,25.000,25.000,25.000
0.1350,-0.00569,-0.00352,0.74099,0.99824,-0.00567,0.01004,0.05824,0.03457,-0.00091,0.67713,0.68313,0.01806,0.00007,2,0.03550,1,0.08500,0.03000,0.3542,0.2041,0.034016,0.093234,105.9484,-56.2969,151.9813,-3.9799,23.8831,113.9297,-50.8800,73.7617,150.6311,-4.2559,-7.3842,69.5821,0.085010,0.030010,150.0008,-0.019354,0.027044,113.9297,0.084757,-0.030010,150.0008,0.085069,-0.003793,69.5821,-0.45601,-0.00005,0.14431,0.78956,-0.36111,0.07280,-0.34263,0.02132,-0.03981,0.79295,-0.46684,-0.02752,-0.01238,0.05764,0.01219,0.05711,-0.03418,0.11953,-0.12031,-4.64611,0.67832,-2.65970,-2.12084,-0.01062,0.28270,-1.70219,5.68433,0.45194,-0.77970,-0.94806,-1.24952,-1.10841,88.000,88.000,88.000,139.000,35.000,35.000,88.000,88.000,88.000,139.000,35.000,35.000,25.000,25.000,25.000,25.000
0.1400,-0.00633,-0.00368,0.73913,0.99813,-0.00577,0.01140,0.05981,0.03445,-0.00093,0.67564,0.68303,0.02070,0.00007,2,0.03439,1,0.08500,0.03000,0.2336,0.1746,0.032264,0.092402,107.5705,-63.1108,151.8119,0.1221,16.4441,117.3069,-41.4307,76.2711,150.1704,-6.2821,-4.7351,75.0864,0.085010,0.030009,150.0008,-0.021424,0.026967,117.3069,0.085010,-0.030010,150.0008,0.085024,-0.003641,75.0864,-0.46746,-0.00183,0.14164,0.80273,-0.36523,0.07717,-0.34821,0.02119,-0.03980,0.79903,-0.47917,-0.02749,-0.01312,0.05516,0.01141,0.05499,0.13453,-0.12769,-0.32765,-5.18073,1.11696,-2.85284,-1.92086,0.09994,0.34532,-1.83859,6.15590,0.41197,-0.76566,-0.94375,-1.09435,-1.08606,88.000,88.000,88.000,139.000,35.000,35.000,88.000,88.000,88.000,139.000,35.000,35.000,25.000,25.000,25.000,25.000
0.1450,-0.00712,-0.00389,0.73719,0.99829,-0.00566,0.01306,0.05668,0.03434,-0.00094,0.67407,0.68292,0.02345,0.00007,2,0.03392,0,0.08500,0.03000,0.1407,0.5046,0.035729,0.093156,-17.8734,-77.7169,151.1775,1.3155,10.2932,122.9535,81.1556,90.4238,150.3856,70.0896,1.8807,231.5723,0.085010,0.030009,150.0008,-0.017975,0.027052,122.9535,-0.040505,-0.030009,150.0008,-0.018334,-0.001082,231.5723,-0.47998,-0.00018,0.14024,0.81981,-0.37010,0.07949,-0.35939,0.02431,-0.03277,0.81163,-0.48884,-0.02617,-0.02145,0.04678,0.01732,0.05975,-11.20822,88.00094,-63.48720,1.57409,13.83449,-2.69841,4.07023,-87.91643,52.96697,2.78717,3.17727,1.44869,-25.00149,-25.00149,25.00149,25.00149,88.000,88.000,88.000,139.000,35.000,35.000,88.000,88.000,88.000,139.000,35.000,35.000,25.000,25.000,25.000,25.000
0.1500,-0.00791,-0.00409,0.73520,0.99858,-0.00543,0.01460,0.05086,0.03428,-0.00097,0.67254,0.68281,0.02672,0.00007,2,0.03405,0,0.08500,0.03000,1.1667,1.1667,0.135215,0.120011,-38.2635,-45.8830,150.5771,0.0000,-115.8644,165.5206,79.5333,97.9411,150.9397,0.0000,47.9749,68.5355,0.085009,-0.030009,150.0007,0.085011,0.030062,165.5206,0.085009,-0.030009,150.0007,-0.085039,-0.025005,68.5355,-0.49140,0.00259,0.13604,0.83748,-0.37673,0.08592,-0.37357,0.02881,-0.02087,0.82964,-0.48865,-0.02235,-0.03295,0.03811,0.02800,0.07155,25.58834,84.06073,-43.29205,-2.01750,12.77033,4.93362,-5.73727,-68.03537,34.55165,14.97645,21.18930,1.71213,5.01202,5.95055,16.34278,6.60739,88.000,88.000,88.000,139.000,35.000,35.000,88.000,88.000,88.000,139.000,35.000,35.000,25.000,25.000,25.000,25.000
0.1550,-0.00862,-0.00432,0.73324,0.99884,-0.00542,0.01577,0.04518,0.03422,-0.00102,0.67097,0.68270,0.02971,0.00007,2,0.03477,0,0.08500,0.03000,1.1667,1.0288,0.135147,0.120772,-49.4477,-59.7346,150.3597,0.0000,-113.6075,162.2964,80.4378,97.7905,150.5576,16.3739,112.1549,183.6127,-0.085008,0.024851,150.0007,0.085021,0.030010,162.2964,0.057647,-0.030008,150.0007,0.084988,-0.023876,183.6127,-0.49971,0.00785,0.13123,0.84863,-0.38991,0.08800,-0.38842,0.03505,-0.00708,0.85104,-0.49024,-0.01736,-0.04400,0.04171,0.03707,0.09404,-13.05517,68.80852,-34.59137,-31.70954,-13.35659,-2.94511,6.59406,-52.28386,36.72325,10.04622,17.40612,1.81995,1.24739,17.83907,9.78175,17.30939,88.000,88.000,88.000,139.000,35.000,35.000,88.000,88.000,88.000,139.000,35.000,35.000,25.000,25.000,25.000,25.000
0.1600,-0.00932,-0.00466,0.73136,0.99903,-0.00568,0.01672,0.04038,0.03419,-0.00102,0.66936,0.68258,0.03199,0.00007,2,0.03586,1,0.08500,0.03000,0.6568,0.9326,-0.027317,0.072932,104.9944,-67.8939,149.8461,18.5106,-98.3707,253.9857,-89.2929,80.2434,150.9874,31.5961,102.0837,190.9711,0.032517,0.030008,150.0006,-0.085021,0.013491,253.9857,0.008216,0.030008,150.0006,0.050634,-0.019002,190.9711,-0.50775,0.01757,0.13291,0.86075,-0.40268,0.08285,-0.40313,0.04327,0.00916,0.87367,-0.49258,-0.01089,-0.05585,0.05985,0.04363,0.12930,-13.05517,68.80852,-34.59137,-31.70954,-13.35659,-2.94511,6.59406,-52.28386,36.72325,10.04622,17.40612,1.81995,1.24739,17.83907,9.78175,17.30939,88.000,88.000,88.000,139.000,35.000,35.000,88.000,88.000,88.000,139.000,35.000,35.000,25.000,25.000,25.000,25.000
0.1650,-0.00999,-0.00510,0.72955,0.99915,-0.00619,0.01750,0.03676,0.03418,-0.00101,0.66778,0.68245,0.03387,0.00007,2,0.03720,1,0.08500,0.03000,0.5975,1.0281,-0.027075,0.076465,102.8555,-63.9564,150.5105,14.4550,-85.6597,242.3099,-97.5386,77.9233,152.0360,13.2504,90.1208,147.6731,-0.021062,0.030008,150.0006,-0.085052,0.014175,242.3099,-0.005797,0.030008,150.0006,0.085053,-0.022362,147.6731,-0.51637,0.03098,0.13968,0.87534,-0.41341,0.07525,-0.41708,0.05355,0.02840,0.89668,-0.49544,-0.00359,-0.06800,0.08984,0.04835,0.17478,-13.05517,68.80852,-34.59137,-31.70954,-13.35659,-2.94511,6.59406,-52.28386,36.72325,10.04622,17.40612,1.81995,1.24739,17.83907,9.78175,17.30939,88.000,88.000,88.000,139.000,35.000,35.000,88.000,88.000,88.000,139.000,35.000,35.000,25.000,25.000,25.000,25.000
0.1700,-0.01062,-0.00564,0.72777,0.99922,-0.00695,0.01815,0.03432,0.03420,-0.00099,0.66625,0.68233,0.03544,0.00007,2,0.03883,1,0.08500,0.03000,0.5675,1.1370,-0.026649,0.077448,94.5838,-71.0287,150.9312,8.3771,-76.6402,226.4397,-97.5281,75.9255,153.0502,2.5994,98.3325,144.1884,-0.019152,0.030008,150.0006,-0.085065,0.013394,226.4397,0.085008,0.030008,150.0006,0.085088,-0.030075,144.1884,-0.52549,0.04731,0.14956,0.89193,-0.42356,0.06577,-0.43023,0.06561,0.04989,0.92044,-0.49777,0.00331,-0.08014,0.12956,0.05175,0.22845,-13.05517,68.80852,-34.59137,-31.70954,-13.35659,-2.94511,6.59406,-52.28386,36.72325,10.04622,17.40612,1.81995,1.24739,17.83907,9.78175,17.30939,88.000,88.000,88.000,139.000,35.000,35.000,88.000,88.000,88.000,139.000,35.000,35.000,25.000,25.000,25.000,25.000
0.1750,-0.01119,-0.00625,0.72600,0.99925,-0.00789,0.01867,0.03307,0.03422,-0.00096,0.66474,0.68220,0.03676,0.00007,2,0.04061,1,0.08500,0.03000,0.5673,1.1338,-0.026253,0.077738,80.5303,-74.1355,151.3047,2.5080,-71.7086,210.7935,-97.6203,73.6488,154.1004,2.8462,96.5726,142.0269,-0.021117,-0.006696,150.0007,-0.085074,0.012581,210.7935,0.085008,0.030008,150.0007,0.085137,-0.030095,142.0269,-0.53500,0.06586,0.16130,0.91014,-0.43408,0.05464,-0.44228,0.07814,0.07285,0.94425,-0.49164,0.01063,-0.09204,0.17734,0.05425,0.28856,-13.05517,68.80852,-34.59137,-31.70954,-13.35659,-2.94511,6.59406,-52.28386,36.72325,10.04622,17.40612,1.81995,1.24739,17.83907,9.78175,17.30939,88.000,88.000,88.000,139.000,35.000,35.000,88.000,88.000,88.000,139.000,35.000,35.000,25.000,25.000,25.000,25.000
0.1800,-0.01169,-0.00694,0.72421,0.99924,-0.00907,0.01911,0.03287,0.03424,-0.00093,0.66321,0.68207,0.03785,0.00007,2,0.04268,1,0.08500,0.03000,0.5872,1.1667,-0.025884,0.077851,69.8485,-74.4512,151.8275,-3.3224,-68.9039,195.7884,-96.5235,71.4018,155.8392,0.0000,108.1947,154.5639,-0.027223,-0.030009,150.0007,-0.085084,0.012000,195.7884,0.085009,0.002500,150.0007,0.085217,-0.030102,154.5639,-0.54484,0.08666,0.17428,0.92971,-0.44550,0.04199,-0.45348,0.09163,0.09670,0.96896,-0.48685,0.01772,-0.10361,0.23180,0.05616,0.35388,-13.05517,68.80852,-34.59137,-31.70954,-13.35659,-2.94511,6.59406,-52.28386,36.72325,10.04622,17.40612,1.81995,1.24739,17.83907,9.78175,17.30939,88.000,88.000,88.000,139.000,35.000,35.000,88.000,88.000,88.000,139.000,35.000,35.000,25.000,25.000,25.000,25.000
0.1850,-0.01213,-0.00773,0.72241,0.99919,-0.01050,0.01949,0.03362,0.03427,-0.00088,0.66169,0.68193,0.03880,0.00007,2,0.04510,1,0.08500,0.03000,0.6381,1.1667,-0.025578,0.078170,54.9435,-75.8759,152.3393,-8.8967,-68.5836,180.6382,-95.0259,66.3871,157.3963,0.0000,107.3397,153.3425,0.045200,-0.030009,150.0008,-0.085097,0.011878,180.6382,0.085009,-0.030009,150.0008,0.085300,-0.030108,153.3425,-0.55488,0.10979,0.18821,0.95035,-0.45822,0.02815,-0.46399,0.10621,0.12094,0.99483,-0.48600,0.02439,-0.11478,0.29181,0.05772,0.42335,-13.05517,68.80852,-34.59137,-31.70954,-13.35659,-2.94511,6.59406,-52.28386,36.72325,10.04622,17.40612,1.81995,1.24739,17.83907,9.78175,17.30939,88.000,88.000,88.000,139.000,35.000,35.000,88.000,88.000,88.000,139.000,35.000,35.000,25.000,25.000,25.000,25.000
0.1900,-0.01248,-0.00858,0.72057,0.99911,-0.01216,0.01980,0.03532,0.03428,-0.00081,0.66016,0.68179,0.03967,0.00007,2,0.04769,1,0.08500,0.03000,0.8348,1.1667,-0.028935,0.091169,38.1414,-78.3403,152.8149,-15.5223,-74.8429,152.6089,-91.3929,50.6163,158.3921,0.0000,103.9369,148.4813,0.040445,-0.030009,150.0008,-0.085112,0.025121,152.6089,0.085010,-0.030010,150.0008,0.085396,-0.030118,148.4813,-0.56483,0.13526,0.20352,0.97150,-0.47303,0.01565,-0.47348,0.12080,0.14535,1.02084,-0.47896,0.03150,-0.12547,0.35646,0.05923,0.49599,-13.05517,68.80852,-34.59137,-31.70954,-13.35659,-2.94511,6.59406,-52.28386,36.72325,10.04622,17.40612,1.81995,1.24739,17.83907,9.78175,17.30939,88.000,88.000,88.000,139.000,35.000,35.000,88.000,88.000,88.000,139.000,35.000,35.000,25.000,25.000,25.000,25.000
0.1950,-0.01273,-0.00952,0.71866,0.99898,-0.01408,0.02005,0.03786,0.03428,-0.00073,0.65859,0.68165,0.04043,0.00007,2,0.05056,1,0.08500,0.03000,0.8925,1.1667,-0.028829,0.091217,42.7019,-75.0623,153.7168,-19.9771,-74.1506,143.4079,-93.5204,64.6015,160.5664,0.0000,110.9884,158.5549,-0.003253,-0.030010,150.0009,-0.085140,0.025163,143.4079,0.085010,-0.030010,150.0009,0.085504,-0.030118,158.5549,-0.57466,0.16322,0.21998,0.99312,-0.48971,0.00435,-0.48216,0.13577,0.16955,1.04758,-0.47336,0.03836,-0.13564,0.42496,0.06085,0.57109,-13.05517,68.80852,-34.59137,-31.70954,-13.35659,-2.94511,6.59406,-52.28386,36.72325,10.04622,17.40612,1.81995,1.24739,17.83907,9.78175,17.30939,88.000,88.000,88.000,139.000,35.000,35.000,88.000,88.000,88.000,139.000,35.000,35.000,25.000,25.000,25.000,25.000
0.2000,-0.01288,-0.01038,0.71656,0.99876,-0.01600,0.02066,0.04247,0.03427,-0.00064,0.65697,0.68150,0.04114,0.00007,2,0.05276,1,0.08500,0.03000,0.9388,0.0000,-0.028615,0.091146,46.0509,-56.1737,154.1014,-21.8705,-73.8579,136.7548,-92.0015,62.6678,162.2020,0.0000,0.0000,0.0000,-0.085010,-0.030010,150.0009,-0.085179,0.025201,136.7548,0.077151,-0.030011,150.0009,0.000000,0.000000,0.0000,-0.58656,0.18588,0.22986,1.01239,-0.49193,0.00111,-0.48985,0.14450,0.18511,1.07037,-0.47031,0.03919,-0.13915,0.47426,0.06809,0.62522,0.30762,-12.11087,-9.64195,-11.51546,8.48979,4.34319,0.21744,-7.54785,-12.13862,-13.00275,-2.26591,-3.42103,4.49453,-17.38952,-2.22656,-19.38194,88.000,88.000,88.000,139.000,35.000,35.000,88.000,88.000,88.000,139.000,35.000,35.000,25.000,25.000,25.000,25.000
0.2050,-0.01298,-0.01108,0.71422,0.99842,-0.01773,0.02177,0.04873,0.03425,-0.00056,0.65520,0.68135,0.04264,0.00007,2,0.05383,1,0.08500,0.03000,0.0000,0.0000,0.000000,0.000000,105.7146,-47.6163,156.5044,0.0000,0.0000,0.0000,-82.3473,35.6519,162.5093,0.0000,0.0000,0.0000,-0.085004,-0.030004,150.0004,0.000000,0.000000,0.0000,0.035205,-0.030004,150.0004,0.000000,0.000000,0.0000,-0.60035,0.20077,0.23113,1.02647,-0.48711,0.00130,-0.49695,0.14621,0.19160,1.08734,-0.46911,0.03744,-0.13428,0.49480,0.08258,0.64883,1.74509,-9.82561,-5.39863,-10.08989,-1.05470,-0.50764,-0.07895,-3.78218,-6.78761,-11.36089,1.22999,0.48881,0.38153,-18.10566,-5.82185,-20.14498,88.000,88.000,88.000,139.000,35.000,35.000,88.000,88.000,88.000,139.000,35.000,35.000,25.000,25.000,25.000,25.000
0.2100,-0.01322,-0.01138,0.71178,0.99812,-0.01919,0.02281,0.05350,0.03423,-0.00048,0.65320,0.68119,0.04522,0.00007,2,0.05421,0,0.08500,0.03000,0.0000,0.9805,0.000000,0.000000,111.8954,-43.6333,155.8074,0.0000,0.0000,0.0000,-75.3837,19.1633,162.7942,-9.0662,41.6279,72.4202,-0.085004,-0.030004,150.0004,0.000000,0.000000,0.0000,0.085004,-0.030004,150.0004,0.085784,-0.030043,72.4202,-0.61323,0.20611,0.22127,1.03935,-0.48449,0.01118,-0.50494,0.14435,0.19067,1.10129,-0.47155,0.03635,-0.13390,0.50776,0.09236,0.68097,88.00046,-88.00038,-14.82509,24.77731,-2.57462,7.42261,-71.53440,53.65588,-39.85733,-55.74509,9.47351,3.53493,-25.00061,-5.89217,-25.00061,25.00061,88.000,88.000,88.000,139.000,35.000,35.000,88.000,88.000,88.000,139.000,35.000,35.000,25.000,25.000,25.000,25.000
0.2150,-0.01371,-0.01111,0.70932,0.99800,-0.02026,0.02349,0.05506,0.03419,-0.00040,0.65110,0.68104,0.04760,0.00007,2,0.05425,1,0.08500,0.03000,0.0000,0.9994,0.000000,0.000000,113.7718,-44.7536,154.1237,0.0000,0.0000,0.0000,-85.9571,51.3672,163.0878,-118.4918,-22.2556,201.0676,-0.017116,-0.030010,150.0009,0.000000,0.000000,0.0000,0.085010,-0.000517,150.0009,0.085805,-0.002338,201.0676,-0.62232,0.19939,0.19635,1.05117,-0.48759,0.03126,-0.51469,0.14072,0.18411,1.11446,-0.47844,0.04020,-0.14473,0.52292,0.09212,0.73887,88.00046,-88.00038,-14.82509,24.77731,-2.57462,7.42261,-71.53440,53.65588,-39.85733,-55.74509,9.47351,3.53493,-25.00061,-5.89217,-25.00061,25.00061,88.000,88.000,88.000,139.000,35.000,35.000,88.000,88.000,88.000,139.000,35.000,35.000,25.000,25.000,25.000,25.000
0.2200,-0.01455,-0.01055,0.70678,0.99816,-0.02093,0.02407,0.05158,0.03408,-0.00035,0.64894,0.68087,0.04913,0.00007,2,0.05383,0,0.08500,0.03000,1.1667,0.9078,-0.013256,0.055989,46.1473,110.1759,152.1264,281.7452,0.0000,402.4931,-30.5381,-106.6613,162.4464,-106.9569,-39.6192,209.3945,0.085009,-0.030008,150.0007,-0.085099,-0.025022,402.4931,0.085008,-0.030009,150.0007,0.085813,0.000454,209.3945,-0.62824,0.19339,0.17618,1.06561,-0.47358,0.04708,-0.52771,0.13848,0.17541,1.12672,-0.48758,0.04611,-0.17480,0.56122,0.08595,0.81411,11.69127,-85.39667,49.64545,27.06764,20.16283,1.07440,-27.24526,73.88326,-56.78718,-42.81927,11.03102,7.76980,-25.00131,25.00132,-25.00131,25.00132,88.000,88.000,88.000,139.000,35.000,35.000,88.000,88.000,88.000,139.000,35.000,35.000,25.000,25.000,25.000,25.000
0.2250,-0.01584,-0.00993,0.70413,0.99855,-0.02120,0.02486,0.04273,0.03394,-0.00035,0.64674,0.68071,0.05023,0.00007,2,0.05234,1,0.08500,0.03000,0.8669,0.0000,0.102252,0.102178,54.1498,112.5623,151.9812,65.4368,127.7961,276.0471,-33.1813,-107.4000,161.4453,0.0000,0.0000,0.0000,0.085007,-0.030008,150.0006,0.043526,-0.028906,276.0471,0.018640,-0.024559,150.0006,0.000000,0.000000,0.0000,-0.63374,0.19547,0.16919,1.08598,-0.46668,0.05383,-0.54462,0.13891,0.16497,1.13480,-0.49111,0.05275,-0.22632,0.63076,0.07663,0.90078,11.69127,-85.39667,49.64545,27.06764,20.16283,1.07440,-27.24526,73.88326,-56.78718,-42.81927,11.03102,7.76980,-25.00131,25.00132,-25.00131,25.00132,88.000,88.000,88.000,139.000,35.000,35.000,88.000,88.000,88.000,139.000,35.000,35.000,25.000,25.000,25.000,25.000
0.2300,-0.01737,-0.00908,0.70139,0.99877,-0.02086,0.02591,0.03664,0.03382,-0.00032,0.64453,0.68054,0.05149,0.00007,2,0.05091,0,0.08500,0.03000,0.9803,0.8760,0.137365,0.114242,60.4238,110.9460,150.8001,25.8151,118.3759,205.9872,-63.7145,-20.9554,161.5664,-49.1212,-103.6851,218.2947,0.085008,-0.030007,150.0006,0.085086,-0.030119,205.9872,0.085008,-0.030007,150.0006,0.085699,-0.030088,218.2947,-0.64194,0.19036,0.15910,1.10738,-0.47216,0.05596,-0.56236,0.13049,0.14547,1.14407,-0.50017,0.05390,-0.27400,0.68065,0.05208,1.00075,73.11334,-58.39016,17.69169,25.20275,21.39650,0.98085,-53.70621,1.39619,-11.55783,-33.29708,11.33879,3.76453,-25.00117,-22.33110,-25.00117,25.00117,88.000,88.000,88.000,139.000,35.000,35.000,88.000,88.000,88.000,139.000,35.000,35.000,25.000,25.000,25.000,25.000
0.2350,-0.01901,-0.00789,0.69859,0.99873,-0.01976,0.02712,0.03762,0.03367,-0.00026,0.64237,0.68037,0.05331,0.00007,2,0.04964,1,0.08500,0.03000,0.9894,0.8300,0.133038,0.114539,41.6042,58.2292,149.8574,23.3581,114.8927,197.5012,-42.7859,-108.4113,158.4836,-84.4058,-25.5355,177.0794,0.085007,-0.028021,150.0006,0.085107,-0.027654,197.5012,-0.011706,0.030007,150.0006,0.085638,-0.030109,177.0794,-0.65385,0.17049,0.13940,1.12758,-0.48379,0.05589,-0.57850,0.10791,0.11471,1.15505,-0.51116,0.05257,-0.30853,0.68826,0.00870,1.11143,73.11334,-58.39016,17.69169,25.20275,21.39650,0.98085,-53.70621,1.39619,-11.55783,-33.29708,11.33879,3.76453,-25.00117,-22.33110,-25.00117,25.00117,88.000,88.000,88.000,139.000,35.000,35.000,88.000,88.000,88.000,139.000,35.000,35.000,25.000,25.000,25.000,25.000
0.2400,-0.02053,-0.00675,0.69580,0.99862,-0.01843,0.02840,0.04027,0.03346,-0.00014,0.64024,0.68019,0.05569,0.00007,2,0.04823,0,0.08500,0.03000,0.9768,0.7277,0.129078,0.114517,68.8333,70.2538,148.8760,24.9878,111.5511,195.0556,-48.4291,-107.4266,157.5271,-76.5944,-3.5716,175.6104,0.085008,-0.030008,150.0006,0.085127,-0.025281,195.0556,0.085008,-0.030008,150.0006,0.085586,-0.030116,175.6104,-0.66591,0.14859,0.12038,1.14694,-0.49949,0.05506,-0.59327,0.08284,0.08193,1.16550,-0.52434,0.05068,-0.33632,0.68470,-0.02960,1.21025,23.53466,-45.50582,25.28892,10.42684,19.22360,1.69345,-12.63840,62.05546,-45.28153,-28.02393,10.65055,6.95682,25.00120,10.92471,7.82014,4.35273,88.000,88.000,88.000,139.000,35.000,35.000,88.000,88.000,88.000,139.000,35.000,35.000,25.000,25.000,25.000,25.000
0.2450,-0.02211,-0.00579,0.69301,0.99855,-0.01713,0.02989,0.04134,0.03324,0.00003,0.63812,0.68002,0.05824,0.00007,2,0.04655,0,0.08500,0.03000,0.9284,0.9143,0.127517,0.107647,-14.0084,83.1065,153.3236,29.5438,92.6070,174.5011,-57.2259,-91.1137,156.7623,-33.9338,-96.0519,185.6938,0.085007,-0.030007,150.0006,0.085135,-0.030155,174.5011,0.085008,-0.030008,150.0006,0.085526,-0.030126,185.6938,-0.67778,0.12970,0.10407,1.16362,-0.51589,0.05385,-0.60829,0.06250,0.05338,1.17430,-0.53684,0.04936,-0.37441,0.70251,-0.06049,1.31167,-15.23193,-59.38796,25.82916,-12.68404,16.50917,0.59018,-6.01239,54.81441,-33.47533,-22.87390,11.38662,6.40727,-25.00118,25.00118,-25.00118,25.00118,88.000,88.000,88.000,139.000,35.000,35.000,88.000,88.000,88.000,139.000,35.000,35.000,25.000,25.000,25.000,25.000
0.2500,-0.02397,-0.00498,0.69015,0.99853,-0.01574,0.03191,0.04083,0.03301,0.00022,0.63599,0.67983,0.06115,0.00007,2,0.04466,1,0.08500,0.03000,1.1667,0.8733,0.125518,0.105837,100.5503,-13.4111,146.0425,0.0000,108.8627,155.5182,-59.9293,-105.4839,154.8621,-40.4582,-83.4900,177.0689,0.022569,-0.030007,150.0006,0.085127,-0.030175,155.5182,0.085008,0.012349,150.0006,0.085451,-0.030144,177.0689,-0.69098,0.11185,0.08801,1.17693,-0.53083,0.05247,-0.62506,0.04678,0.02971,1.18207,-0.54894,0.04822,-0.42973,0.74476,-0.08771,1.42843,-15.23193,-59.38796,25.82916,-12.68404,16.50917,0.59018,-6.01239,54.81441,-33.47533,-22.87390,11.38662,6.40727,-25.00118,25.00118,-25.00118,25.00118,88.000,88.000,88.000,139.000,35.000,35.000,88.000,88.000,88.000,139.000,35.000,35.000,25.000,25.000,25.000,25.000
0.2550,-0.02606,-0.00426,0.68719,0.99854,-0.01428,0.03461,0.03882,0.03274,0.00043,0.63384,0.67965,0.06506,0.00007,2,0.04243,1,0.08500,0.03000,0.0000,0.8700,0.000000,0.000000,111.5989,-72.7036,144.7779,0.0000,0.0000,0.0000,-48.4852,-102.5330,151.7973,-42.5521,-85.4363,182.8405,-0.006379,0.030008,150.0006,0.000000,0.000000,0.0000,0.085008,-0.021689,150.0006,0.085365,-0.030169,182.8405,-0.70561,0.09414,0.07251,1.18690,-0.53340,0.05162,-0.64390,0.03547,0.01011,1.18804,-0.55940,0.04805,-0.49719,0.80373,-0.10844,1.55702,-15.23193,-59.38796,25.82916,-12.68404,16.50917,0.59018,-6.01239,54.81441,-33.47533,-22.87390,11.38662,6.40727,-25.00118,25.00118,-25.00118,25.00118,88.000,88.000,88.000,139.000,35.000,35.000,88.000,88.000,88.000,139.000,35.000,35.000,25.000,25.000,25.000,25.000
0.2600,-0.02836,-0.00365,0.68411,0.99855,-0.01281,0.03820,0.03557,0.03245,0.00063,0.63162,0.67946,0.07029,0.00007,2,0.03996,1,0.08500,0.03000,0.9693,0.8686,0.124159,0.102591,109.3920,-75.7487,144.9014,-22.8827,96.5838,170.6664,90.3420,-86.7430,141.9286,-45.9553,-91.1083,195.8051,-0.085009,0.030009,150.0007,0.085082,-0.030183,170.6664,-0.085009,0.030009,150.0007,0.085266,-0.030198,195.8051,-0.72288,0.07666,0.05626,1.19622,-0.53884,0.04959,-0.66522,0.02814,-0.00614,1.19255,-0.57300,0.04665,-0.57224,0.87401,-0.12076,1.69459,-15.23193,-59.38796,25.82916,-12.68404,16.50917,0.59018,-6.01239,54.81441,-33.47533,-22.87390,11.38662,6.40727,-25.00118,25.00118,-25.00118,25.00118,88.000,88.000,88.000,139.000,35.000,35.000,88.000,88.000,88.000,139.000,35.000,35.000,25.000,25.000,25.000,25.000
0.2650,-0.03088,-0.00312,0.68092,0.99853,-0.01139,0.04279,0.03122,0.03212,0.00085,0.62940,0.67927,0.07728,0.00007,2,0.03716,1,0.08500,0.03000,0.9370,0.8663,0.124365,0.100849,106.2180,-79.1130,145.4640,-27.5525,91.9056,170.6543,97.2098,-24.6780,145.6319,-44.9204,-87.2997,188.8858,-0.085010,0.030009,150.0008,0.085054,-0.030181,170.6543,-0.085010,-0.030009,150.0008,0.085155,-0.030235,188.8858,-0.74326,0.05932,0.03889,1.20571,-0.54677,0.04648,-0.68907,0.02465,-0.01988,1.19461,-0.58598,0.04602,-0.65086,0.95183,-0.12401,1.83877,-15.23193,-59.38796,25.82916,-12.68404,16.50917,0.59018,-6.01239,54.81441,-33.47533,-22.87390,11.38662,6.40727,-25.00118,25.00118,-25.00118,25.00118,88.000,88.000,88.000,139.000,35.000,35.000,88.000,88.000,88.000,139.000,35.000,35.000,25.000,25.000,25.000,25.000
0.2700,-0.03357,-0.00268,0.67758,0.99844,-0.01013,0.04838,0.02603,0.03174,0.00109,0.62716,0.67908,0.08627,0.00007,2,0.03429,1,0.08500,0.03000,0.9191,0.8631,0.125049,0.099108,102.1807,-82.7226,146.3458,-29.9937,87.9128,168.4379,87.1748,59.4474,152.7743,-49.5797,-93.6323,204.5887,0.085010,0.030010,150.0009,0.085009,-0.030186,168.4379,0.085010,-0.010908,150.0009,0.085030,-0.030280,204.5887,-0.76711,0.04245,0.02159,1.21585,-0.55030,0.04188,-0.71570,0.02550,-0.03009,1.19548,-0.59349,0.04339,-0.72973,1.03463,-0.11900,1.98744,-15.23193,-59.38796,25.82916,-12.68404,16.50917,0.59018,-6.01239,54.81441,-33.47533,-22.87390,11.38662,6.40727,-25.00118,25.00118,-25.00118,25.00118,88.000,88.000,88.000,139.000,35.000,35.000,88.000,88.000,88.000,139.000,35.000,35.000,25.000,25.000,25.000,25.000
0.2750,-0.03644,-0.00231,0.67413,0.99824,-0.00918,0.05493,0.02044,0.03132,0.00131,0.62491,0.67888,0.09729,0.00007,2,0.03278,1,0.08500,0.03000,0.4871,0.9921,0.075935,0.093478,96.1963,-64.0749,147.8185,-1.2706,74.4773,254.8785,83.4141,84.3143,156.9527,-35.4476,-178.0628,305.0148,0.066003,0.030010,150.0008,0.034857,-0.028703,254.8785,0.085010,-0.029475,150.0008,0.001588,-0.027813,305.0148,-0.79537,0.02688,0.00606,1.22861,-0.54866,0.03402,-0.74667,0.03117,-0.03213,1.20340,-0.59686,0.03212,-0.80638,1.12063,-0.10781,2.13561,-15.23193,-59.38796,25.82916,-12.68404,16.50917,0.59018,-6.01239,54.81441,-33.47533,-22.87390,11.38662,6.40727,-25.00118,25.00118,-25.00118,25.00118,88.000,88.000,88.000,139.000,35.000,35.000,88.000,88.000,88.000,139.000,35.000,35.000,25.000,25.000,25.000,25.000
0.2800,-0.03937,-0.00177,0.67056,0.99800,-0.00835,0.06104,0.01410,0.03088,0.00144,0.62280,0.67868,0.11027,0.00007,2,0.03254,0,0.08500,0.03000,0.5950,0.9774,0.081539,0.092471,88.1954,18.8833,150.9209,-7.3287,86.2263,242.3902,81.9920,84.1908,157.7662,-34.4339,-162.0201,282.4475,0.085010,-0.030010,150.0008,0.039501,-0.028812,242.3902,0.085010,-0.030010,150.0008,0.005586,-0.015283,282.4475,-0.82329,0.01898,-0.00130,1.24475,-0.54736,0.02752,-0.77920,0.04085,-0.02534,1.21850,-0.59521,0.02301,-0.87671,1.16887,-0.10794,2.22967,57.00180,66.21314,-6.70479,26.62188,20.84808,3.27470,-4.99344,-81.71541,77.26696,17.38461,22.24705,0.02772,-25.00147,-25.00147,-25.00147,-25.00147,88.000,88.000,88.000,139.000,35.000,35.000,88.000,88.000,88.000,139.000,35.000,35.000,25.000,25.000,25.000,25.000
0.2850,-0.04225,-0.00091,0.66684,0.99779,-0.00715,0.06574,0.00695,0.03044,0.00159,0.62073,0.67847,0.12237,0.00007,2,0.03338,1,0.08500,0.03000,0.0000,1.1145,0.000000,0.000000,93.4454,-89.9029,147.9401,0.0000,0.0000,0.0000,81.3920,85.1532,157.5600,5.4574,113.6603,170.1683,0.073158,-0.014629,150.0007,0.000000,0.000000,0.0000,0.085009,-0.030009,150.0007,0.074204,-0.029109,170.1683,-0.84729,0.02101,0.00378,1.26324,-0.54049,0.02402,-0.81128,0.05294,-0.00940,1.24074,-0.58414,0.01833,-0.94596,1.16515,-0.12959,2.26530,57.00180,66.21314,-6.70479,26.62188,20.84808,3.27470,-4.99344,-81.71541,77.26696,17.38461,22.24705,0.02772,-25.00147,-25.00147,-25.00147,-25.00147,88.000,88.000,88.000,139.000,35.000,35.000,88.000,88.000,88.000,139.000,35.000,35.000,25.000,25.000,25.000,25.000
0.2900,-0.04507,0.00024,0.66297,0.99759,-0.00541,0.06917,-0.00056,0.03003,0.00182,0.61861,0.67826,0.13168,0.00007,2,0.03533,1,0.08500,0.03000,0.7313,1.1667,0.127657,0.090512,94.1433,-90.0207,147.4249,63.5525,-8.0113,145.9931,88.5910,-40.0068,150.1236,0.0000,127.4141,182.0202,0.047412,0.019944,150.0006,0.085034,-0.030097,145.9931,0.085008,-0.030008,150.0006,0.076516,-0.027518,182.0202,-0.86805,0.03112,0.02031,1.28361,-0.53665,0.02100,-0.84292,0.06623,0.01371,1.27031,-0.57112,0.01667,-1.02180,1.12339,-0.16893,2.25686,57.00180,66.21314,-6.70479,26.62188,20.84808,3.27470,-4.99344,-81.71541,77.26696,17.38461,22.24705,0.02772,-25.00147,-25.00147,-25.00147,-25.00147,88.000,88.000,88.000,139.000,35.000,35.000,88.000,88.000,88.000,139.000,35.000,35.000,25.000,25.000,25.000,25.000
0.2950,-0.04781,0.00171,0.65888,0.99740,-0.00291,0.07149,-0.00813,0.02967,0.00213,0.61648,0.67805,0.13843,0.00007,2,0.03814,1,0.08500,0.03000,0.8620,1.1667,0.126094,0.128604,95.8706,-88.5612,147.1953,72.9114,-38.9868,159.8546,94.6186,-90.1102,147.0652,0.0000,131.6992,188.1417,-0.012754,-0.012009,150.0006,0.085082,0.009032,159.8546,0.085007,-0.030007,150.0006,0.083090,-0.030131,188.1417,-0.88599,0.04663,0.04634,1.30577,-0.53711,0.02508,-0.87391,0.07910,0.04359,1.30584,-0.55178,0.01662,-1.10914,1.05457,-0.22104,2.21532,57.00180,66.21314,-6.70479,26.62188,20.84808,3.27470,-4.99344,-81.71541,77.26696,17.38461,22.24705,0.02772,-25.00147,-25.00147,-25.00147,-25.00147,88.000,88.000,88.000,139.000,35.000,35.000,88.000,88.000,88.000,139.000,35.000,35.000,25.000,25.000,25.000,25.000
0.3000,-0.05044,0.00352,0.65456,0.99721,0.00043,0.07295,-0.01564,0.02935,0.00248,0.61432,0.67784,0.14304,0.00007,2,0.04183,1,0.08500,0.03000,0.8852,1.1667,0.125444,0.130505,98.1184,-86.7408,146.7975,78.7279,-34.6165,161.9207,99.7696,-86.5011,145.8228,0.0000,144.4191,206.3129,-0.085007,-0.030007,150.0006,0.085119,0.011630,161.9207,-0.085007,0.030007,150.0006,0.085106,-0.030119,206.3129,-0.90152,0.06665,0.08073,1.32977,-0.54125,0.03541,-0.90446,0.09070,0.07933,1.34679,-0.53032,0.01704,-1.21060,0.96752,-0.28139,2.14909,57.00180,66.21314,-6.70479,26.62188,20.84808,3.27470,-4.99344,-81.71541,77.26696,17.38461,22.24705,0.02772,-25.00147,-25.00147,-25.00147,-25.00147,88.000,88.000,88.000,139.000,35.000,35.000,88.000,88.000,88.000,139.000,35.000,35.000,25.000,25.000,25.000,25.000
0.3050,-0.05289,0.00567,0.64999,0.99700,0.00465,0.07377,-0.02296,0.02910,0.00287,0.61214,0.67762,0.14602,0.00007,2,0.04640,1,0.08500,0.03000,0.9140,0.0000,0.124554,0.132734,100.8050,-84.5447,146.2551,83.1579,-29.4459,160.8625,105.7255,-81.8597,144.2952,0.0000,0.0000,0.0000,-0.085000,0.030000,150.0000,0.085156,0.014266,160.8625,-0.085000,0.030000,150.0000,0.000000,0.000000,0.0000,-0.91456,0.09129,0.12345,1.35558,-0.54433,0.04586,-0.93467,0.10017,0.11993,1.39225,-0.50652,0.02355,-1.32705,0.86936,-0.34595,2.06473,57.00180,66.21314,-6.70479,26.62188,20.84808,3.27470,-4.99344,-81.71541,77.26696,17.38461,22.24705,0.02772,-25.00147,-25.00147,-25.00147,-25.00147,88.000,88.000,88.000,139.000,35.000,35.000,88.000,88.000,88.000,139.000,35.000,35.000,25.000,25.000,25.000,25.000
0.3100,-0.05510,0.00814,0.64516,0.99675,0.00972,0.07415,-0.03010,0.02890,0.00331,0.60992,0.67740,0.14784,0.00007,2,0.05198,1,0.08500,0.03000,0.9946,1.1667,0.127776,0.088319,104.5419,-80.9498,145.6680,82.0843,-16.0212,140.1508,112.2711,-77.2844,141.8568,0.0000,141.6994,202.4277,-0.085010,0.030010,150.0010,0.085207,-0.030027,140.1508,-0.085010,0.030010,150.0010,0.085464,0.030059,202.4277,-0.92461,0.12113,0.17456,1.38315,-0.54197,0.05339,-0.96489,0.10706,0.16382,1.44177,-0.48397,0.04295,-1.45814,0.76569,-0.41137,1.96733,57.00180,66.21314,-6.70479,26.62188,20.84808,3.27470,-4.99344,-81.71541,77.26696,17.38461,22.24705,0.02772,-25.00147,-25.00147,-25.00147,-25.00147,88.000,88.000,88.000,139.000,35.000,35.000,88.000,88.000,88.000,139.000,35.000,35.000,25.000,25.000,25.000,25.000
0.3150,-0.05700,0.01096,0.64010,0.99644,0.01577,0.07425,-0.03677,0.02875,0.00382,0.60766,0.67718,0.14895,0.00007,2,0.05835,1,0.08500,0.03000,1.1172,0.0000,0.119669,0.147630,95.2525,-77.2775,145.6779,106.8186,-4.8453,159.5199,25.7969,-84.4281,151.0821,0.0000,0.0000,0.0000,-0.085010,-0.030010,150.0011,0.085293,0.030021,159.5199,0.085010,0.030010,150.0011,0.000000,0.000000,0.0000,-0.93181,0.15419,0.23191,1.41227,-0.54001,0.06945,-0.99447,0.10996,0.21253,1.49280,-0.45199,0.06644,-1.60278,0.66088,-0.47517,1.86081,57.00180,66.21314,-6.70479,26.62188,20.84808,3.27470,-4.99344,-81.71541,77.26696,17.38461,22.24705,0.02772,-25.00147,-25.00147,-25.00147,-25.00147,88.000,88.000,88.000,139.000,35.000,35.000,88.000,88.000,88.000,139.000,35.000,35.000,25.000,25.000,25.000,25.000
0.3200,-0.05854,0.01411,0.63486,0.99606,0.02281,0.07416,-0.04303,0.02867,0.00437,0.60532,0.67695,0.14969,0.00007,2,0.06564,1,0.08500,0.03000,1.1667,0.0000,0.117408,0.147697,-61.0935,-101.1428,157.2848,112.3936,0.0000,160.5623,47.2624,37.0916,141.9106,0.0000,0.0000,0.0000,-0.085007,-0.030007,150.0008,0.085392,0.030038,160.5623,-0.067837,0.030007,150.0008,0.000000,0.000000,0.0000,-0.93508,0.19049,0.29537,1.44323,-0.53063,0.09083,-1.02346,0.10881,0.26603,1.54473,-0.41510,0.09301,-1.75726,0.55803,-0.53615,1.74793,57.00180,66.21314,-6.70479,26.62188,20.84808,3.27470,-4.99344,-81.71541,77.26696,17.38461,22.24705,0.02772,-25.00147,-25.00147,-25.00147,-25.00147,88.000,88.000,88.000,139.000,35.000,35.000,88.000,88.000,88.000,139.000,35.000,35.000,25.000,25.000,25.000,25.000
0.3250,-0.05970,0.01728,0.62984,0.99567,0.03059,0.07394,-0.04737,0.02865,0.00498,0.60289,0.67672,0.15027,0.00007,2,0.07228,1,0.08500,0.03000,1.1667,0.0000,0.114517,0.147989,-52.7670,-105.6076,161.4766,118.9080,0.0000,169.8685,25.6422,100.9384,141.0430,0.0000,0.0000,0.0000,-0.092380,-0.044254,151.7317,0.085519,0.030036,169.8685,-0.085833,0.031924,150.1810,0.000000,0.000000,0.0000,-0.93531,0.21965,0.35396,1.46988,-0.52987,0.09617,-1.04902,0.10073,0.31759,1.58970,-0.39421,0.10041,-1.86954,0.48778,-0.58859,1.63765,0.10334,-12.06026,-13.67405,-18.80925,-1.72093,-10.73448,10.04771,-0.17826,-13.02683,-20.21308,-9.49683,-11.39985,25.00000,1.79970,16.03366,-16.06802,88.000,88.000,88.000,139.000,35.000,35.000,88.000,88.000,88.000,139.000,35.000,35.000,25.000,25.000,25.000,25.000
0.3300,-0.06063,0.02024,0.62511,0.99533,0.03874,0.07343,-0.04927,0.02865,0.00559,0.60031,0.67649,0.15072,0.00007,2,0.07710,1,0.08500,0.03000,0.9718,0.0000,0.112941,0.148297,-47.7530,-109.3714,167.6028,-8.2838,-35.6169,62.7153,-2.3891,103.9523,146.3913,0.0000,0.0000,0.0000,-0.109050,-0.064950,154.6819,0.085621,0.030106,62.7153,-0.087545,0.034014,150.4769,0.000000,0.000000,0.0000,-0.93416,0.23691,0.40232,1.48919,-0.53419,0.09290,-1.06994,0.08568,0.36441,1.62341,-0.38831,0.09670,-1.92041,0.45415,-0.63103,1.53350,-0.83610,-11.86847,-14.41144,-18.54878,3.83317,0.58566,9.60907,3.32678,-13.51160,-20.81949,-4.40969,0.26597,25.00000,2.77826,16.49196,-14.61069,88.000,88.000,88.000,139.000,35.000,35.000,88.000,88.000,88.000,139.000,35.000,35.000,25.000,25.000,25.000,25.000
0.3350,-0.06143,0.02298,0.62055,0.99503,0.04694,0.07256,-0.04955,0.02866,0.00617,0.59754,0.67626,0.15056,0.00007,2,0.08009,1,0.08500,0.03000,0.0000,0.0000,0.000000,0.000000,-42.6700,-103.8478,167.4207,0.0000,0.0000,0.0000,40.6049,112.3640,128.6618,0.0000,0.0000,0.0000,-0.100324,-0.048046,152.5062,0.000000,0.000000,0.0000,-0.086354,0.031695,150.2534,0.000000,0.000000,0.0000,-0.93241,0.24567,0.44126,1.50194,-0.53522,0.09033,-1.08729,0.06638,0.40737,1.64675,-0.38600,0.09342,-1.92231,0.44270,-0.66570,1.43467,-1.27748,-7.65952,-15.01654,-15.79110,2.90496,-0.37372,8.05334,5.88798,-13.94733,-21.28638,-0.91229,-0.14923,25.00000,2.38519,16.84389,-13.22476,88.000,88.000,88.000,139.000,35.000,35.000,88.000,88.000,88.000,139.000,35.000,35.000,25.000,25.000,25.000,25.000
0.3400,-0.06215,0.02550,0.61603,0.99474,0.05495,0.07142,-0.04872,0.02867,0.00673,0.59454,0.67602,0.14962,0.00007,2,0.08136,1,0.08500,0.03000,0.9500,0.0000,0.113849,0.150101,-39.2372,-99.8106,167.2898,-14.6007,-53.4936,97.2775,-3.1633,114.9191,138.9760,0.0000,0.0000,0.0000,-0.091972,-0.037079,150.9571,0.085691,0.030280,97.2775,0.087746,0.032948,150.3387,0.000000,0.000000,0.0000,-0.93133,0.24856,0.47310,1.51266,-0.54183,0.08880,-1.10204,0.04452,0.44648,1.66102,-0.38403,0.09023,-1.89058,0.44094,-0.69429,1.34073,-1.38814,-4.76575,-15.50557,-14.19168,3.80428,-0.54184,6.89487,7.51651,-14.34696,-19.39265,-0.76695,-0.11202,21.23514,-4.70517,17.11949,-11.89468,88.000,88.000,88.000,139.000,35.000,35.000,88.000,88.000,88.000,139.000,35.000,35.000,25.000,25.000,25.000,25.000
0.3450,-0.06281,0.02779,0.61148,0.99446,0.06255,0.07007,-0.04721,0.02867,0.00726,0.59136,0.67578,0.14798,0.00007,2,0.08111,1,0.08500,0.03000,0.0000,0.0000,0.000000,0.000000,-37.6130,-97.0249,166.9483,0.0000,0.0000,0.0000,-47.1426,103.6781,152.8416,0.0000,0.0000,0.0000,-0.085003,-0.030003,150.0003,0.000000,0.000000,0.0000,0.085003,0.030003,150.0003,0.000000,0.000000,0.0000,-0.93118,0.24758,0.49776,1.52072,-0.54553,0.08691,-1.11488,0.02159,0.48167,1.66785,-0.38238,0.08715,-1.83962,0.44084,-0.71779,1.25147,-1.11203,-2.71057,-15.90343,-13.54934,4.78849,-0.70576,6.06866,8.59032,-14.71098,-16.23132,-0.68370,-0.11488,16.62857,-6.65428,17.34057,-10.61467,88.000,88.000,88.000,139.000,35.000,35.000,88.000,88.000,88.000,139.000,35.000,35.000,25.000,25.000,25.000,25.000
0.3500,-0.06342,0.02986,0.60687,0.99418,0.06969,0.06856,-0.04523,0.02867,0.00776,0.58798,0.67553,0.14579,0.00007,2,0.07954,1,0.08500,0.03000,0.9236,0.0000,0.117298,0.153965,-37.2129,-96.0945,167.6314,-20.6630,-62.5455,118.8693,17.0678,123.6652,124.6244,0.0000,0.0000,0.0000,-0.085171,-0.030178,150.0244,0.085669,0.030390,118.8693,0.085026,0.032485,150.0924,0.000000,0.000000,0.0000,-0.93243,0.24400,0.51731,1.52937,-0.55421,0.08607,-1.12626,-0.00177,0.51287,1.66872,-0.38105,0.08416,-1.77771,0.44003,-0.73692,1.16722,-0.69634,-1.26944,-15.17983,-13.11619,4.86645,-0.75294,5.47277,9.23701,-15.03864,-13.65414,-0.56885,-0.11177,15.84538,-6.62632,16.15658,-9.38362,88.000,88.000,88.000,139.000,35.000,35.000,88.000,88.000,88.000,139.000,35.000,35.000,25.000,25.000,25.000,25.000
0.3550,-0.06399,0.03171,0.60216,0.99390,0.07633,0.06693,-0.04306,0.02865,0.00823,0.58442,0.67529,0.14312,0.00007,2,0.07680,1,0.08500,0.03000,0.0000,0.0000,0.000000,0.000000,-37.9143,-95.9922,167.9464,0.0000,0.0000,0.0000,25.2920,128.5353,118.8684,0.0000,0.0000,0.0000,-0.086366,-0.031533,150.1972,0.000000,0.000000,0.0000,0.084993,0.049717,150.7420,0.000000,0.000000,0.0000,-0.93471,0.23899,0.53223,1.53744,-0.56154,0.08521,-1.13649,-0.02482,0.54016,1.66480,-0.37998,0.08127,-1.70939,0.43806,-0.75229,1.08848,-0.23541,-0.27604,-13.40372,-13.23575,5.61410,-0.90656,5.01367,9.63558,-15.32917,-11.53651,-0.47228,-0.10806,14.88346,-6.23497,14.66394,-8.20938,88.000,88.000,88.000,139.000,35.000,35.000,88.000,88.000,88.000,139.000,35.000,35.000,25.000,25.000,25.000,25.000
0.3600,-0.06452,0.03335,0.59735,0.99362,0.08246,0.06518,-0.04080,0.02862,0.00867,0.58068,0.67504,0.14795,0.00007,2,0.07354,1,0.08500,0.03000,0.0000,0.0000,0.000000,0.000000,-39.0374,-96.3993,168.3264,0.0000,0.0000,0.0000,22.9397,132.6629,116.8110,0.0000,0.0000,0.0000,-0.089046,-0.034113,150.5041,0.000000,0.000000,0.0000,0.087304,0.064249,151.3355,0.000000,0.000000,0.0000,-0.93791,0.23328,0.54382,1.54592,-0.56906,0.08462,-1.14589,-0.04706,0.56396,1.65961,-0.38377,0.08024,-1.63790,0.43492,-0.76445,1.01553,0.14859,0.31592,-12.10754,-13.59611,6.51709,-1.16554,4.66105,9.83162,-15.58366,-9.79420,-0.39400,-0.10356,13.81515,-5.76579,13.35214,-7.10295,88.000,88.000,88.000,139.000,35.000,35.000,88.000,88.000,88.000,139.000,35.000,35.000,25.000,25.000,25.000,25.000
0.3650,-0.06503,0.03480,0.59246,0.99335,0.08810,0.06337,-0.03858,0.02856,0.00907,0.57680,0.67479,0.16074,0.00007,2,0.07110,1,0.08500,0.03000,0.8701,0.9514,0.123635,0.161418,-40.1062,-96.3243,168.1655,-31.1943,-62.6419,134.0517,43.2147,133.8667,108.4643,-81.9669,22.1574,148.7490,-0.089295,-0.034188,150.5244,0.085574,0.030486,134.0517,0.087364,0.061513,151.2431,0.086246,0.031337,148.7490,-0.94187,0.22743,0.55298,1.55522,-0.57880,0.08475,-1.15516,-0.06754,0.58516,1.66023,-0.40090,0.08397,-1.56604,0.43075,-0.77391,0.94839,0.42212,0.67666,-10.87779,-13.51798,5.20303,-0.95977,4.48604,9.69406,-14.93334,-10.87345,4.22148,-1.82243,12.69253,-5.29717,12.24253,-6.07041,88.000,88.000,88.000,139.000,35.000,35.000,88.000,88.000,88.000,139.000,35.000,35.000,25.000,25.000,25.000,25.000
0.3700,-0.06554,0.03608,0.58750,0.99306,0.09326,0.06155,-0.03659,0.02842,0.00947,0.57286,0.67453,0.17250,0.00007,2,0.06919,1,0.08500,0.03000,0.0000,0.8497,0.000000,0.000000,-41.4642,-96.4145,167.6467,0.0000,0.0000,0.0000,60.0037,133.4405,102.8823,-65.4163,39.5018,149.8829,-0.088870,-0.033708,150.4659,0.000000,0.000000,0.0000,0.087405,0.052200,150.9083,0.086125,0.031371,149.8829,-0.94632,0.22183,0.55987,1.56398,-0.58528,0.08431,-1.16476,-0.08585,0.60357,1.66530,-0.42378,0.08949,-1.49611,0.42570,-0.78108,0.88697,0.71121,0.81230,-10.28156,-14.32884,7.63450,-1.53904,4.63222,9.27950,-14.05927,-13.11617,8.56193,-3.22883,11.55993,-4.89717,11.30445,-5.11365,88.000,88.000,88.000,139.000,35.000,35.000,88.000,88.000,88.000,139.000,35.000,35.000,25.000,25.000,25.000,25.000
0.3750,-0.06606,0.03722,0.58248,0.99278,0.09801,0.05977,-0.03484,0.02822,0.00987,0.56886,0.67427,0.18326,0.00007,2,0.06734,1,0.08500,0.03000,0.8432,0.8253,0.127748,0.166269,-42.5804,-96.2893,167.2218,-38.8610,-59.7386,140.8566,60.1234,133.0816,102.7775,-56.7964,53.4040,157.4292,-0.088166,-0.033045,150.3738,0.085477,0.030497,140.8566,0.087354,0.042716,150.5841,0.086094,0.031513,157.4292,-0.95137,0.21654,0.56571,1.57440,-0.59616,0.08511,-1.17466,-0.10221,0.61928,1.67233,-0.44419,0.09393,-1.42965,0.41986,-0.78630,0.83111,0.89682,0.84299,-9.54570,-14.27342,6.17515,-1.26445,4.93145,8.71067,-13.11299,-14.77035,10.16750,-3.67467,10.45372,-4.53028,10.49863,-4.23290,88.000,88.000,88.000,139.000,35.000,35.000,88.000,88.000,88.000,139.000,35.000,35.000,25.000,25.000,25.000,25.000
0.3800,-0.06660,0.03826,0.57740,0.99249,0.10240,0.05802,-0.03328,0.02796,0.01028,0.56481,0.67401,0.19315,0.00007,2,0.06523,1,0.08500,0.03000,0.8358,0.8262,0.129611,0.168426,-43.8473,-95.9281,166.1058,-36.0653,-50.1118,123.1101,83.4280,131.0619,97.7603,-63.1546,56.6502,171.1498,-0.085175,-0.030132,150.0204,0.085435,0.030508,123.1101,0.085025,0.031325,150.0499,0.086035,0.031609,171.1498,-0.95692,0.21139,0.57057,1.58603,-0.60848,0.08642,-1.18431,-0.11707,0.63294,1.67936,-0.46004,0.09692,-1.36756,0.41327,-0.78978,0.78058,1.11724,0.88584,-9.24939,-15.04462,8.18690,-1.79158,5.06574,8.36786,-12.20292,-14.53394,5.95741,-2.00974,9.39840,-4.17698,9.79303,-3.42703,88.000,88.000,88.000,139.000,35.000,35.000,88.000,88.000,88.000,139.000,35.000,35.000,25.000,25.000,25.000,25.000
0.3850,-0.06716,0.03920,0.57228,0.99221,0.10646,0.05630,-0.03195,0.02763,0.01067,0.56070,0.67375,0.20228,0.00007,2,0.06324,1,0.08500,0.03000,0.8281,0.8424,0.131233,0.170291,-45.5282,-96.3697,165.3492,-43.5949,-51.9278,136.4610,37.7011,128.7624,108.7487,-56.7963,37.3338,134.4716,-0.085003,-0.030003,150.0003,0.085396,0.030526,136.4610,0.085003,0.030003,150.0003,0.085921,0.031587,134.4716,-0.96279,0.20637,0.57434,1.59779,-0.61959,0.08766,-1.19385,-0.13025,0.64501,1.68846,-0.47895,0.10107,-1.31025,0.40596,-0.79167,0.73511,1.29452,0.99659,-8.78739,-15.25331,7.01791,-1.53779,5.11576,8.00192,-11.71783,-15.59760,8.22034,-3.00787,8.40851,-3.82771,9.13562,-2.69411,88.000,88.000,88.000,139.000,35.000,35.000,88.000,88.000,88.000,139.000,35.000,35.000,25.000,25.000,25.000,25.000
0.3900,-0.06765,0.03979,0.56719,0.99192,0.10967,0.05479,-0.03280,0.02724,0.01106,0.55652,0.67348,0.21070,0.00007,2,0.06210,0,0.08500,0.03000,0.8259,0.8294,0.132682,0.171922,-47.1162,-96.7431,164.6849,-41.1509,-45.2893,123.4860,42.4943,116.3105,112.2430,-54.9413,44.5625,142.1483,-0.085003,-0.030003,150.0003,0.085353,0.030530,123.4860,0.085003,0.030002,150.0003,0.085833,0.031600,142.1483,-0.96967,0.19915,0.56904,1.60413,-0.64550,0.09669,-1.20311,-0.13287,0.65583,1.70349,-0.49791,0.09893,-1.24740,0.39193,-0.77757,0.67514,-20.17646,-85.71623,-11.56503,-37.50285,-15.60186,7.41224,45.83803,88.00026,-88.00027,32.86686,13.21026,-3.47646,25.00040,-25.00040,25.00040,-25.00040,88.000,88.000,88.000,139.000,35.000,35.000,88.000,88.000,88.000,139.000,35.000,35.000,25.000,25.000,25.000,25.000
0.3950,-0.06800,0.03984,0.56214,0.99160,0.11173,0.05358,-0.03702,0.02684,0.01141,0.55226,0.67321,0.21712,0.00007,2,0.06201,1,0.08500,0.03000,0.0000,0.9429,0.000000,0.000000,-9.7479,-84.3096,159.5495,0.0000,0.0000,0.0000,-25.4509,88.6893,134.4833,31.3794,-109.1490,200.7548,-0.085004,-0.030004,150.0005,0.000000,0.000000,0.0000,0.085004,0.030004,150.0005,0.085791,0.031681,200.7548,-0.97794,0.18806,0.54926,1.60075,-0.68762,0.11473,-1.21167,-0.11988,0.66424,1.72670,-0.51091,0.08852,-1.17520,0.36854,-0.74211,0.59293,-20.17646,-85.71623,-11.56503,-37.50285,-15.60186,7.41224,45.83803,88.00026,-88.00027,32.86686,13.21026,-3.47646,25.00040,-25.00040,25.00040,-25.00040,88.000,88.000,88.000,139.000,35.000,35.000,88.000,88.000,88.000,139.000,35.000,35.000,25.000,25.000,25.000,25.000
0.4000,-0.06817,0.03937,0.55709,0.99124,0.11269,0.05263,-0.04449,0.02645,0.01168,0.54788,0.67294,0.22084,0.00007,2,0.06324,1,0.08500,0.03000,0.0000,1.0030,0.000000,0.000000,110.1356,-46.6859,156.1764,0.0000,0.0000,0.0000,-63.4599,37.1175,160.1908,25.3299,-138.8887,234.5980,-0.085005,-0.030005,150.0004,0.000000,0.000000,0.0000,0.085005,0.030005,150.0004,0.085778,0.031736,234.5980,-0.98809,0.17748,0.52360,1.59811,-0.72973,0.13686,-1.21933,-0.09202,0.67082,1.75855,-0.52138,0.07211,-1.09677,0.33755,-0.69007,0.49342,-20.17646,-85.71623,-11.56503,-37.50285,-15.60186,7.41224,45.83803,88.00026,-88.00027,32.86686,13.21026,-3.47646,25.00040,-25.00040,25.00040,-25.00040,88.000,88.000,88.000,139.000,35.000,35.000,88.000,88.000,88.000,139.000,35.000,35.000,25.000,25.000,25.000,25.000
0.4050,-0.06795,0.03841,0.55197,0.99062,0.11252,0.05172,-0.05780,0.02612,0.01184,0.54353,0.67267,0.22198,0.00007,2,0.06386,0,0.08500,0.03000,0.5619,0.0000,-0.005009,0.093233,102.7409,-57.9809,157.4262,159.0671,-64.6507,509.2581,-62.5830,45.7502,157.4857,0.0000,0.0000,0.0000,-0.085005,-0.030005,150.0005,-0.085138,-0.009547,509.2581,0.085005,0.030005,150.0005,0.000000,0.000000,0.0000,-0.99768,0.18171,0.50427,1.61319,-0.76288,0.14692,-1.22741,-0.04740,0.67090,1.79088,-0.52416,0.05216,-1.01414,0.30021,-0.62583,0.38125,80.40230,-57.42948,-27.33626,34.99604,-6.17983,5.77290,-14.41456,88.00048,-88.00048,-19.25745,8.59217,-2.37140,25.00073,-25.00072,25.00073,-25.00073,88.000,88.000,88.000,139.000,35.000,35.000,88.000,88.000,88.000,139.000,35.000,35.000,25.000,25.000,25.000,25.000
0.4100,-0.06725,0.03708,0.54674,0.98940,0.11145,0.05072,-0.07800,0.02594,0.01190,0.53934,0.67239,0.22019,0.00007,2,0.06437,1,0.08500,0.03000,1.1667,1.1667,0.000286,0.083147,-74.8619,-114.3560,141.5071,226.0719,0.0000,322.9599,114.4937,134.2528,87.1950,0.0000,-197.4163,282.0232,-0.085016,-0.030076,150.0075,-0.085011,-0.025000,322.9599,0.085494,-0.030016,150.0525,0.085823,0.031784,282.0232,-1.00401,0.20234,0.48984,1.64497,-0.79353,0.14704,-1.23779,0.01393,0.66863,1.82115,-0.53326,0.02875,-0.92959,0.25738,-0.55331,0.25965,80.40230,-57.42948,-27.33626,34.99604,-6.17983,5.77290,-14.41456,88.00048,-88.00048,-19.25745,8.59217,-2.37140,25.00073,-25.00072,25.00073,-25.00073,88.000,88.000,88.000,139.000,35.000,35.000,88.000,88.000,88.000,139.000,35.000,35.000,25.000,25.000,25.000,25.000
0.4150,-0.06602,0.03542,0.54139,0.98725,0.10957,0.04954,-0.10429,0.02592,0.01184,0.53531,0.67212,0.21579,0.00007,2,0.06373,1,0.08500,0.03000,1.1667,0.0000,-0.000916,0.086376,-79.5035,-115.9430,139.8309,196.7741,0.0000,281.1058,120.9248,142.2916,87.9417,0.0000,0.0000,0.0000,-0.085854,-0.038323,150.7853,-0.084966,-0.024995,281.1058,0.138254,-0.033715,155.6434,0.000000,0.000000,0.0000,-1.00655,0.23606,0.47724,1.69121,-0.82297,0.14327,-1.25035,0.08873,0.65797,1.84706,-0.53786,0.00406,-0.84564,0.20965,-0.47535,0.13078,80.40230,-57.42948,-27.33626,34.99604,-6.17983,5.77290,-14.41456,88.00048,-88.00048,-19.25745,8.59217,-2.37140,25.00073,-25.00072,25.00073,-25.00073,88.000,88.000,88.000,139.000,35.000,35.000,88.000,88.000,88.000,139.000,35.000,35.000,25.000,25.000,25.000,25.000
0.4200,-0.06424,0.03350,0.53589,0.98374,0.10699,0.04804,-0.13603,0.02605,0.01170,0.53135,0.67183,0.20904,0.00007,2,0.06209,1,0.08500,0.03000,1.1667,0.0000,-0.004153,0.089259,-82.0717,-116.0338,139.5640,161.3592,0.0000,230.5132,123.8454,147.8018,89.1558,0.0000,0.0000,0.0000,-0.085353,-0.043963,151.2533,-0.085069,-0.025021,230.5132,0.169423,-0.029580,159.1233,0.000000,0.000000,0.0000,-1.00410,0.27970,0.46402,1.74965,-0.85194,0.13951,-1.26543,0.17440,0.63760,1.86839,-0.53890,-0.02114,-0.76492,0.15704,-0.39422,-0.00321,80.40230,-57.42948,-27.33626,34.99604,-6.17983,5.77290,-14.41456,88.00048,-88.00048,-19.25745,8.59217,-2.37140,25.00073,-25.00072,25.00073,-25.00073,88.000,88.000,88.000,139.000,35.000,35.000,88.000,88.000,88.000,139.000,35.000,35.000,25.000,25.000,25.000,25.000
0.4250,-0.06185,0.03137,0.53024,0.97840,0.10387,0.04616,-0.17267,0.02628,0.01148,0.52742,0.67155,0.20030,0.00007,2,0.06001,1,0.08500,0.03000,1.1667,0.0000,-0.009451,0.092782,-84.8972,-114.9759,140.1814,115.7294,0.0000,165.3277,123.3800,148.9667,91.4443,0.0000,0.0000,0.0000,-0.110920,-0.008581,151.6984,-0.085230,-0.025154,165.3277,0.183813,-0.042494,160.1491,0.000000,0.000000,0.0000,-0.99465,0.32983,0.44810,1.81722,-0.88059,0.13942,-1.28359,0.26874,0.60739,1.88561,-0.54061,-0.04656,-0.69015,0.09913,-0.31159,-0.14014,80.40230,-57.42948,-27.33626,34.99604,-6.17983,5.77290,-14.41456,88.00048,-88.00048,-19.25745,8.59217,-2.37140,25.00073,-25.00072,25.00073,-25.00073,88.000,88.000,88.000,139.000,35.000,35.000,88.000,88.000,88.000,139.000,35.000,35.000,25.000,25.000,25.000,25.000
0.4300,-0.05884,0.02908,0.52444,0.97077,0.10023,0.04382,-0.21363,0.02658,0.01120,0.52348,0.67126,0.18995,0.00007,2,0.05665,1,0.08500,0.03000,0.0000,0.0000,0.000000,0.000000,-86.1231,-116.2069,141.7000,0.0000,0.0000,0.0000,124.2277,153.0421,96.0230,0.0000,0.0000,0.0000,-0.133286,0.003767,152.8449,0.000000,0.000000,0.0000,0.204140,0.031421,163.1441,0.000000,0.000000,0.0000,-0.97510,0.38245,0.42756,1.88873,-0.90048,0.14750,-1.30503,0.36865,0.56097,1.89555,-0.53043,-0.07086,-0.62423,0.03519,-0.22852,-0.27760,80.40230,-57.42948,-27.33626,34.99604,-6.17983,5.77290,-14.41456,88.00048,-88.00048,-19.25745,8.59217,-2.37140,25.00073,-25.00072,25.00073,-25.00073,88.000,88.000,88.000,139.000,35.000,35.000,88.000,88.000,88.000,139.000,35.000,35.000,25.000,25.000,25.000,25.000
0.4350,-0.05521,0.02670,0.51849,0.96030,0.09615,0.04095,-0.25865,0.02688,0.01088,0.51935,0.67098,0.17828,0.00007,2,0.05339,1,0.08500,0.03000,0.0000,1.0223,0.000000,0.000000,-86.2806,-120.8995,143.8888,0.0000,0.0000,0.0000,120.2076,155.7753,100.2107,-33.5330,-216.5377,357.2438,-0.161106,-0.038352,154.9755,0.000000,0.000000,0.0000,0.173387,0.072118,163.6964,0.085531,0.031815,357.2438,-0.94316,0.43588,0.40369,1.96283,-0.91162,0.16117,-1.33081,0.47306,0.50098,1.90031,-0.52213,-0.09461,-0.57001,-0.03565,-0.14561,-0.41305,80.40230,-57.42948,-27.33626,34.99604,-6.17983,5.77290,-14.41456,88.00048,-88.00048,-19.25745,8.59217,-2.37140,25.00073,-25.00072,25.00073,-25.00073,88.000,88.000,88.000,139.000,35.000,35.000,88.000,88.000,88.000,139.000,35.000,35.000,25.000,25.000,25.000,25.000
0.4400,-0.05094,0.02433,0.51236,0.94684,0.09179,0.03734,-0.30606,0.02717,0.01051,0.51508,0.67068,0.16561,0.00007,2,0.04940,1,0.08500,0.03000,0.0000,0.0000,0.000000,0.000000,-91.1836,-88.6450,154.2029,0.0000,0.0000,0.0000,115.0696,157.1924,106.5800,0.0000,0.0000,0.0000,-0.238143,0.053584,158.0227,0.000000,0.000000,0.0000,0.140193,0.111214,164.1083,0.000000,0.000000,0.0000,-0.89755,0.48493,0.37741,2.03785,-0.91689,0.17822,-1.36160,0.57308,0.41789,1.89688,-0.49867,-0.11741,-0.52993,-0.11359,-0.06276,-0.54383,80.40230,-57.42948,-27.33626,34.99604,-6.17983,5.77290,-14.41456,88.00048,-88.00048,-19.25745,8.59217,-2.37140,25.00073,-25.00072,25.00073,-25.00073,88.000,88.000,88.000,139.000,35.000,35.000,88.000,88.000,88.000,139.000,35.000,35.000,25.000,25.000,25.000,25.000
0.4450,-0.04608,0.02272,0.50603,0.93255,0.08829,0.03269,-0.34855,0.02747,0.01014,0.51058,0.67039,0.15279,0.00007,2,0.04570,1,0.08500,0.03000,0.0000,1.1182,0.000000,0.000000,-77.1347,52.9486,196.7541,0.0000,0.0000,0.0000,-8.1773,155.0288,120.3013,-11.6942,-263.3703,392.9493,-0.283953,0.058816,159.7308,0.000000,0.000000,0.0000,0.109211,0.101794,161.7839,0.085274,0.031557,392.9493,-0.84533,0.50884,0.34639,2.10977,-0.91831,0.19753,-1.40175,0.63399,0.30022,1.89067,-0.47853,-0.14147,-0.50498,-0.19746,0.02210,-0.66818,80.40230,-57.42948,-27.33626,34.99604,-6.17983,5.77290,-14.41456,88.00048,-88.00048,-19.25745,8.59217,-2.37140,25.00073,-25.00072,25.00073,-25.00073,88.000,88.000,88.000,139.000,35.000,35.000,88.000,88.000,88.000,139.000,35.000,35.000,25.000,25.000,25.000,25.000
0.4500,-0.04089,0.02128,0.50017,0.91825,0.08632,0.02508,-0.38566,0.02776,0.00974,0.50590,0.67010,0.14345,0.00007,2,0.04322,0,0.08500,0.03000,0.0000,0.0000,0.000000,0.000000,-55.1139,42.0831,208.8253,0.0000,0.0000,0.0000,-84.1122,150.1040,130.7992,0.0000,0.0000,0.0000,-0.314441,0.070160,160.3954,0.000000,0.000000,0.0000,-0.106578,0.064008,160.3016,0.000000,0.000000,0.0000,-0.77549,0.51141,0.33067,2.15464,-0.91869,0.18076,-1.43042,0.66428,0.16617,1.88439,-0.48765,-0.17373,-0.50550,-0.26397,0.08003,-0.74186,133.63967,-31.97958,61.82414,-124.51936,-45.52391,-29.21696,118.86817,121.84783,-73.90104,-22.89372,-29.98637,-10.33672,-32.37439,25.25348,-33.05352,26.58432,88.000,88.000,88.000,139.000,35.000,35.000,88.000,88.000,88.000,139.000,35.000,35.000,25.000,25.000,25.000,25.000
0.4550,-0.03541,0.01950,0.49523,0.90427,0.08652,0.01339,-0.41789,0.02804,0.00936,0.50099,0.66980,0.14054,0.00007,2,0.04303,0,0.08500,0.03000,0.0000,0.0000,0.000000,0.000000,-35.8888,38.2738,216.9594,0.0000,0.0000,0.0000,-93.5029,151.3089,139.4260,0.0000,0.0000,0.0000,-0.337323,0.111807,160.8900,0.000000,0.000000,0.0000,-0.196216,0.125220,164.4082,0.000000,0.000000,0.0000,-0.68406,0.49662,0.34223,2.15563,-0.91925,0.11276,-1.43137,0.67523,0.03914,1.88148,-0.54565,-0.22518,-0.53017,-0.30116,0.09493,-0.75317,145.89016,1.55598,44.28154,-144.12660,-48.32466,-35.71354,127.57546,107.65021,-9.41905,-6.17576,-38.99791,-19.94195,-29.22166,26.46456,-33.59878,27.01508,88.000,88.000,88.000,139.000,35.000,35.000,88.000,88.000,88.000,139.000,35.000,35.000,25.000,25.000,25.000,25.000
0.4600,-0.02956,0.01717,0.49119,0.89006,0.08852,-0.00203,-0.44715,0.02831,0.00902,0.49584,0.66950,0.14648,0.00007,2,0.04583,1,0.08500,0.03000,0.0000,0.0000,0.000000,0.000000,-23.2499,49.5382,230.1768,0.0000,0.0000,0.0000,-87.7639,135.3646,134.8125,0.0000,0.0000,0.0000,-0.390912,0.148268,167.6487,0.000000,0.000000,0.0000,-0.114315,0.052065,157.5422,0.000000,0.000000,0.0000,-0.57520,0.46768,0.37739,2.11461,-0.92044,0.00673,-1.40197,0.67445,-0.07440,1.88166,-0.63957,-0.28887,-0.56718,-0.31162,0.07281,-0.72002,145.89016,1.55598,44.28154,-144.12660,-48.32466,-35.71354,127.57546,107.65021,-9.41905,-6.17576,-38.99791,-19.94195,-29.22166,26.46456,-33.59878,27.01508,88.000,88.000,88.000,139.000,35.000,35.000,88.000,88.000,88.000,139.000,35.000,35.000,25.000,25.000,25.000,25.000
0.4650,-0.02328,0.01407,0.48806,0.87452,0.09200,-0.02088,-0.47573,0.02858,0.00871,0.49048,0.66920,0.16055,0.00007,2,0.05236,1,0.08500,0.03000,0.5274,0.0000,0.087750,0.144881,-13.7265,70.2721,235.3713,310.9850,230.6518,1223.4509,-91.4300,136.8500,131.7186,0.0000,0.0000,0.0000,-0.395125,0.171046,172.5931,0.086732,-0.030895,1223.4509,-0.112689,0.055593,158.0315,0.000000,0.000000,0.0000,-0.45565,0.42815,0.41383,2.06361,-0.92851,-0.14897,-1.34187,0.66694,-0.17432,1.88299,-0.75674,-0.33150,-0.60856,-0.29858,0.02042,-0.65433,145.89016,1.55598,44.28154,-144.12660,-48.32466,-35.71354,127.57546,107.65021,-9.41905,-6.17576,-38.99791,-19.94195,-29.22166,26.46456,-33.59878,27.01508,88.000,88.000,88.000,139.000,35.000,35.000,88.000,88.000,88.000,139.000,35.000,35.000,25.000,25.000,25.000,25.000
0.4700,-0.01668,0.00993,0.48582,0.85671,0.09643,-0.04285,-0.50489,0.02901,0.00855,0.48555,0.66889,0.18202,0.00007,2,0.06337,1,0.08500,0.03000,0.4977,0.0000,0.101408,0.192821,-4.6301,99.8943,234.8791,317.9838,-257.3670,1369.8218,-100.3359,142.8506,131.3665,0.0000,0.0000,0.0000,-0.379298,0.181153,177.9562,0.086829,0.018413,1369.8218,-0.171715,0.049233,161.6672,0.000000,0.000000,0.0000,-0.32808,0.38203,0.45446,2.01506,-0.94356,-0.29522,-1.25092,0.65588,-0.26070,1.88390,-0.88822,-0.35581,-0.65097,-0.26557,-0.05621,-0.56401,145.89016,1.55598,44.28154,-144.12660,-48.32466,-35.71354,127.57546,107.65021,-9.41905,-6.17576,-38.99791,-19.94195,-29.22166,26.46456,-33.59878,27.01508,88.000,88.000,88.000,139.000,35.000,35.000,88.000,88.000,88.000,139.000,35.000,35.000,25.000,25.000,25.000,25.000
0.4750,-0.00985,0.00455,0.48439,0.83586,0.10148,-0.06763,-0.53522,0.02967,0.00835,0.48128,0.66859,0.21010,0.00007,2,0.07906,1,0.08500,0.03000,0.6096,0.0000,0.086954,0.159263,2.4825,120.6924,227.5774,385.4523,-209.4444,1199.3703,-131.1967,106.6794,123.0058,0.0000,0.0000,0.0000,-0.361957,0.147400,179.7650,0.085472,-0.021271,1199.3703,-0.239198,0.044211,165.5603,0.000000,0.000000,0.0000,-0.19248,0.33232,0.50770,1.96570,-0.96243,-0.39165,-1.13048,0.64319,-0.33169,1.88311,-0.98943,-0.36789,-0.69337,-0.21537,-0.15142,-0.45445,145.89016,1.55598,44.28154,-144.12660,-48.32466,-35.71354,127.57546,107.65021,-9.41905,-6.17576,-38.99791,-19.94195,-29.22166,26.46456,-33.59878,27.01508,88.000,88.000,88.000,139.000,35.000,35.000,88.000,88.000,88.000,139.000,35.000,35.000,25.000,25.000,25.000,25.000
0.4800,-0.00295,-0.00229,0.48364,0.81106,0.10674,-0.09489,-0.56727,0.03061,0.00801,0.47764,0.66828,0.24446,0.00007,2,0.09916,1,0.08500,0.03000,0.6930,0.0000,0.085031,0.160843,4.1271,128.4740,222.8451,359.3916,-244.9790,1046.0951,-225.4054,1.8634,75.5410,0.0000,0.0000,0.0000,-0.400129,0.073985,179.4261,0.086162,-0.024651,1046.0951,-0.315168,0.049335,171.4634,0.000000,0.000000,0.0000,-0.04708,0.27857,0.57497,1.90778,-0.98188,-0.45030,-0.98178,0.63004,-0.38392,1.88031,-1.04729,-0.37200,-0.73646,-0.14971,-0.26044,-0.32966,145.89016,1.55598,44.28154,-144.12660,-48.32466,-35.71354,127.57546,107.65021,-9.41905,-6.17576,-38.99791,-19.94195,-29.22166,26.46456,-33.59878,27.01508,88.000,88.000,88.000,139.000,35.000,35.000,88.000,88.000,88.000,139.000,35.000,35.000,25.000,25.000,25.000,25.000
0.4850,0.00494,-0.00993,0.48384,0.77544,0.11547,-0.12484,-0.60809,0.03183,0.00753,0.47455,0.66797,0.28478,0.00007,2,0.12310,0,0.08500,0.03000,0.7727,0.0000,0.084678,0.164931,-13.0338,85.5346,224.8867,306.6778,-284.6291,902.4302,-243.0340,15.4888,64.7588,0.0000,0.0000,0.0000,-0.448529,-0.066600,178.3310,0.087346,-0.025526,902.4302,-0.356084,-0.100483,178.0033,0.000000,0.000000,0.0000,0.11710,0.20425,0.67380,1.82385,-0.99979,-0.47181,-0.80616,0.61719,-0.39509,1.89704,-1.07623,-0.34831,-0.77819,-0.09772,-0.34202,-0.19044,181.40853,-140.43755,122.61385,-145.22534,-59.64595,-0.36003,167.08581,123.69515,152.21048,87.66458,-50.62083,18.83879,32.25331,-25.49322,25.05920,31.45441,88.000,88.000,88.000,139.000,35.000,35.000,88.000,88.000,88.000,139.000,35.000,35.000,25.000,25.000,25.000,25.000
0.4900,0.01393,-0.01834,0.48467,0.72120,0.13017,-0.15540,-0.66240,0.03332,0.00694,0.47189,0.66765,0.33776,0.00007,2,0.14920,1,0.08500,0.03000,0.0000,0.0000,0.000000,0.000000,-95.0878,-86.1914,267.7698,0.0000,0.0000,0.0000,-253.3874,24.9193,59.7823,0.0000,0.0000,0.0000,-0.578756,-0.258395,194.7259,0.000000,0.000000,0.0000,-0.402612,-0.158096,182.3184,0.000000,0.000000,0.0000,0.30175,0.09026,0.81909,1.67881,-1.00993,-0.46846,-0.61292,0.60479,-0.34508,1.94925,-1.08639,-0.29458,-0.82282,-0.07700,-0.38242,-0.04070,181.40853,-140.43755,122.61385,-145.22534,-59.64595,-0.36003,167.08581,123.69515,152.21048,87.66458,-50.62083,18.83879,32.25331,-25.49322,25.05920,31.45441,88.000,88.000,88.000,139.000,35.000,35.000,88.000,88.000,88.000,139.000,35.000,35.000,25.000,25.000,25.000,25.000
0.4950,0.02271,-0.02778,0.48508,0.64502,0.15045,-0.18250,-0.72664,0.03494,0.00641,0.46925,0.66734,0.40516,0.00007,2,0.17512,1,0.08500,0.03000,0.0000,0.0000,0.000000,0.000000,-165.3550,-131.1114,321.7890,0.0000,0.0000,0.0000,-286.8876,31.4169,53.0125,0.0000,0.0000,0.0000,-0.649140,-0.518780,231.2028,0.000000,0.000000,0.0000,-0.493981,-0.276873,197.0277,0.000000,0.000000,0.0000,0.49460,-0.07029,1.00838,1.46110,-1.01204,-0.45678,-0.41714,0.59031,-0.22883,2.03612,-1.08481,-0.22219,-0.87182,-0.08457,-0.39783,0.11263,181.40853,-140.43755,122.61385,-145.22534,-59.64595,-0.36003,167.08581,123.69515,152.21048,87.66458,-50.62083,18.83879,32.25331,-25.49322,25.05920,31.45441,88.000,88.000,88.000,139.000,35.000,35.000,88.000,88.000,88.000,139.000,35.000,35.000,25.000,25.000,25.000,25.000
0.5000,0.02992,-0.03777,0.48432,0.56300,0.17190,-0.20587,-0.78173,0.03663,0.00604,0.46644,0.66702,0.47729,0.00007,2,0.19884,1,0.08500,0.03000,0.0000,0.0000,0.000000,0.000000,-289.7676,-189.1136,380.2134,0.0000,0.0000,0.0000,-330.5235,31.3512,40.3982,0.0000,0.0000,0.0000,-0.626867,-0.600976,290.6602,0.000000,0.000000,0.0000,-0.547041,-0.382918,217.7411,0.000000,0.000000,0.0000,0.67798,-0.26602,1.20517,1.19435,-1.00894,-0.44058,-0.23572,0.54844,-0.07936,2.14434,-1.07636,-0.13742,-0.89266,-0.12104,-0.41540,0.27336,181.40853,-140.43755,122.61385,-145.22534,-59.64595,-0.36003,167.08581,123.69515,152.21048,87.66458,-50.62083,18.83879,32.25331,-25.49322,25.05920,31.45441,88.000,88.000,88.000,139.000,35.000,35.000,88.000,88.000,88.000,139.000,35.000,35.000,25.000,25.000,25.000,25.000
0.5050,0.03561,-0.04764,0.48205,0.48218,0.19295,-0.22589,-0.82416,0.03827,0.00576,0.46340,0.66671,0.54192,0.00007,2,0.21908,1,0.08500,0.03000,0.0000,0.0000,0.000000,0.000000,-405.4171,-221.3159,359.0658,0.0000,0.0000,0.0000,-339.4036,3.3002,5.6862,0.0000,0.0000,0.0000,-0.569793,-0.430905,335.9653,0.000000,0.000000,0.0000,-0.453733,-0.538732,221.1269,0.000000,0.000000,0.0000,0.87016,-0.48876,1.41786,0.89600,-1.00243,-0.42265,-0.07696,0.48037,0.08718,2.26391,-1.06420,-0.04438,-0.88186,-0.16960,-0.43802,0.44339,181.40853,-140.43755,122.61385,-145.22534,-59.64595,-0.36003,167.08581,123.69515,152.21048,87.66458,-50.62083,18.83879,32.25331,-25.49322,25.05920,31.45441,88.000,88.000,88.000,139.000,35.000,35.000,88.000,88.000,88.000,139.000,35.000,35.000,25.000,25.000,25.000,25.000
