cell,impulse,push_dt,verdict,steps,achieved,dcm,cop,ankle,degraded,selfcol,openloop,fell_t,survived,fired,stance,budget,peak_dcm,peak_tilt,push_degraded,recover_s,push_cop,push_ankle,spill,edge_pct,edge_leave,xfer_t,impact,fz_min,unloaded,slid,verdict_push
fwd ds,1.3500,0.05,fell,9,vx: +0.3241 / +0.0550 m/s (589%)   vy: +0.0099 m/s (drift)   wz: -0.0266 rad/s (drift),386.1,1.00,198,17,9,0,6.435,FELL,5.155,DS,1.81,386.1,0.527,14,,1.00,198,,0,0,0.150,1.53,0.75,135,5,fell
fwd ds,1.3500,0.1,recovered,20,vx: +0.0497 / +0.0550 m/s (90%)   vy: -0.0032 m/s (drift)   wz: -0.0011 rad/s (drift),33.0,1.00,64,20,0,0,,SURVIVED,5.155,DS,1.81,33.0,0.030,17,0.275,1.00,64,,0,0,0.150,1.33,0.75,0,140,recovered
fwd ds,1.3500,0.15,fell,7,vx: +0.1869 / +0.0550 m/s (340%)   vy: -0.0293 m/s (drift)   wz: +0.1682 rad/s (drift),186.1,1.01,190,32,0,0,5.800,FELL,5.155,DS,1.81,186.1,0.521,29,,1.01,190,0.005,95,5,0.150,1.22,0.93,85,5,fell
fwd ds,1.3500,0.2,fell,8,vx: +0.3420 / +0.0550 m/s (622%)   vy: -0.1951 m/s (drift)   wz: +1.2294 rad/s (drift),371.3,1.01,204,58,20,0,6.160,FELL,5.155,DS,1.81,371.3,0.539,55,,1.01,204,0.055,35,0,0.150,1.23,0.96,270,40,fell
back ds,0.7500,0.05,fell,8,vx: +0.2489 / +0.0550 m/s (452%)   vy: -0.0179 m/s (drift)   wz: +0.4966 rad/s (drift),63.6,1.00,174,22,7,0,5.880,FELL,5.155,DS,1.81,63.6,0.524,19,,1.00,174,,100,,0.150,1.51,0.51,50,5,fell
back ds,0.7500,0.1,absorbed,20,vx: +0.0531 / +0.0550 m/s (97%)   vy: -0.0033 m/s (drift),13.1,1.00,64,13,0,0,,SURVIVED,5.155,DS,1.81,13.1,0.015,10,,1.00,64,,0,0,0.150,1.18,0.87,0,155,absorbed
back ds,0.7500,0.15,absorbed,20,vx: +0.0529 / +0.0550 m/s (96%)   vy: -0.0033 m/s (drift),10.7,1.00,64,15,0,0,,SURVIVED,5.155,DS,1.81,10.7,0.013,12,,1.00,64,0.005,0,0,0.150,1.22,0.96,0,150,absorbed
back ds,0.7500,0.2,absorbed,20,vx: +0.0527 / +0.0550 m/s (96%)   vy: -0.0033 m/s (drift),8.5,1.00,65,13,0,0,,SURVIVED,5.155,DS,1.81,8.5,0.013,10,,1.00,65,0.055,0,0,0.150,1.20,0.96,0,130,absorbed
left ds,0.6500,0.05,absorbed,20,vx: +0.0515 / +0.0550 m/s (94%)   vy: -0.0042 m/s (drift)   wz: -0.0022 rad/s (drift),17.0,1.00,66,14,0,0,,SURVIVED,5.155,DS,0.70,17.0,0.010,11,,1.00,66,,10,10,0.150,1.36,0.52,0,140,absorbed
left ds,0.6500,0.1,absorbed,20,vx: +0.0516 / +0.0550 m/s (94%)   vy: -0.0042 m/s (drift)   wz: -0.0024 rad/s (drift),16.8,1.00,65,17,0,0,,SURVIVED,5.155,DS,0.70,16.8,0.009,14,,1.00,65,,15,15,0.150,1.43,0.49,5,135,absorbed
left ds,0.6500,0.15,fell,8,vx: +0.2640 / +0.0550 m/s (480%)   vy: -0.1651 m/s (drift)   wz: -0.4405 rad/s (drift),259.0,1.01,201,39,0,0,6.355,FELL,5.155,DS,0.70,259.0,0.542,36,,1.01,201,0.005,100,,0.150,1.44,0.61,160,20,fell
left ds,0.6500,0.2,fell,8,vx: -0.0163 / +0.0550 m/s (-30%)   vy: -0.0760 m/s (drift)   wz: -1.1195 rad/s (drift),105.8,1.01,194,23,0,0,5.920,FELL,5.155,DS,0.70,105.8,0.525,20,,1.01,194,0.055,100,,0.150,1.35,0.56,105,0,fell
right ds,0.9500,0.05,fell,9,vx: +0.0096 / +0.0550 m/s (18%)   vy: -0.0598 m/s (drift)   wz: -0.4862 rad/s (drift),180.8,1.01,147,61,1,0,6.715,FELL,5.155,DS,0.70,180.8,0.542,58,,1.01,147,,100,,0.150,1.22,0.65,220,65,fell
right ds,0.9500,0.1,absorbed,20,vx: +0.0520 / +0.0550 m/s (95%)   vy: -0.0021 m/s (drift),17.3,1.00,66,15,0,0,,SURVIVED,5.155,DS,0.70,17.3,0.012,12,,1.00,66,,10,10,0.150,2.01,0.67,0,140,absorbed
right ds,0.9500,0.15,fell,7,vx: +0.0175 / +0.0550 m/s (32%)   vy: -0.1468 m/s (drift)   wz: -1.5417 rad/s (drift),103.3,1.01,175,41,3,5,5.820,FELL,5.155,DS,0.70,103.3,0.523,38,,1.01,175,0.005,100,,0.150,1.24,0.86,85,15,fell
right ds,0.9500,0.2,absorbed,20,vx: +0.0521 / +0.0550 m/s (95%)   vy: -0.0025 m/s (drift),14.7,1.00,64,12,0,0,,SURVIVED,5.155,DS,0.70,14.7,0.010,9,,1.00,63,0.055,75,75,0.150,1.19,0.67,0,125,absorbed
diag ds,0.5500,0.05,absorbed,20,vx: +0.0513 / +0.0550 m/s (93%)   vy: -0.0038 m/s (drift),12.0,1.00,72,14,0,0,,SURVIVED,5.155,DS,1.00,12.0,0.010,11,,1.00,72,,60,60,0.150,1.30,0.95,0,120,absorbed
diag ds,0.5500,0.1,absorbed,20,vx: +0.0513 / +0.0550 m/s (93%)   vy: -0.0038 m/s (drift),10.0,1.00,64,14,0,0,,SURVIVED,5.155,DS,1.00,10.0,0.009,11,,1.00,64,,100,,0.150,1.25,0.95,0,135,absorbed
diag ds,0.5500,0.15,fell,8,vx: +0.0779 / +0.0550 m/s (142%)   vy: +0.0871 m/s (drift)   wz: -1.4074 rad/s (drift),136.6,1.00,204,35,11,0,6.080,FELL,5.155,DS,1.00,136.6,0.522,32,,1.00,204,0.005,100,,0.150,1.40,0.95,95,10,fell
diag ds,0.5500,0.2,fell,9,vx: +0.0703 / +0.0550 m/s (128%)   vy: +0.1405 m/s (drift)   wz: -0.8362 rad/s (drift),301.8,1.01,193,61,40,0,6.530,FELL,5.155,DS,1.00,301.8,0.532,58,,1.01,193,0.055,100,,0.150,1.28,0.73,240,75,fell
fwd ss,1.4000,0.05,recovered,20,vx: +0.0491 / +0.0550 m/s (89%)   vy: -0.0031 m/s (drift),37.3,1.00,65,21,20,0,,SURVIVED,4.930,SS/R,1.81,37.3,0.032,18,0.420,1.00,65,,65,5,0.375,1.34,0.75,0,170,recovered
fwd ss,1.4000,0.1,recovered,20,vx: +0.0506 / +0.0550 m/s (92%)   vy: -0.0033 m/s (drift),29.6,1.00,64,10,20,0,,SURVIVED,4.930,SS/R,1.81,29.6,0.030,7,0.265,1.00,62,,90,5,0.375,1.21,0.85,0,160,recovered
fwd ss,1.4000,0.15,recovered,20,vx: +0.0504 / +0.0550 m/s (92%)   vy: -0.0034 m/s (drift)   wz: +0.0042 rad/s (drift),27.6,1.01,64,15,9,0,,SURVIVED,4.930,SS/R,1.81,27.6,0.031,12,0.245,1.01,64,,5,5,0.375,1.25,0.84,0,150,recovered
fwd ss,1.4000,0.2,recovered,20,vx: +0.0503 / +0.0550 m/s (92%)   vy: -0.0035 m/s (drift)   wz: +0.0100 rad/s (drift),25.5,1.01,65,17,11,0,,SURVIVED,4.930,SS/R,1.81,25.5,0.035,14,0.250,1.01,65,0.030,15,5,0.375,1.21,0.86,0,150,recovered
back ss,0.9000,0.05,fell,8,vx: +0.0443 / +0.0550 m/s (81%)   vy: +0.4654 m/s (drift)   wz: -0.1266 rad/s (drift),403.4,1.00,184,61,16,0,5.985,FELL,4.930,SS/R,1.81,403.4,0.562,58,,1.00,184,,95,10,0.375,1.44,0.00,135,65,fell
back ss,0.9000,0.1,absorbed,20,vx: +0.0519 / +0.0550 m/s (94%)   vy: -0.0033 m/s (drift)   wz: -0.0011 rad/s (drift),15.1,1.00,65,13,0,0,,SURVIVED,4.930,SS/R,1.81,15.1,0.021,10,,1.00,65,,10,10,0.375,1.36,0.84,0,160,absorbed
back ss,0.9000,0.15,absorbed,20,vx: +0.0526 / +0.0550 m/s (96%)   vy: -0.0033 m/s (drift),11.9,1.00,65,14,0,0,,SURVIVED,4.930,SS/R,1.81,11.9,0.016,11,,1.00,65,,0,0,0.375,1.15,0.95,0,140,absorbed
back ss,0.9000,0.2,absorbed,20,vx: +0.0528 / +0.0550 m/s (96%)   vy: -0.0033 m/s (drift),9.0,1.00,65,11,0,0,,SURVIVED,4.930,SS/R,1.81,9.0,0.014,8,,1.00,65,0.030,0,0,0.375,1.22,0.92,0,140,absorbed
left ss,0.6000,0.05,recovered,20,vx: +0.0514 / +0.0550 m/s (93%)   vy: -0.0044 m/s (drift),21.0,1.00,64,16,0,0,,SURVIVED,4.930,SS/R,0.70,21.0,0.008,13,0.205,1.00,64,,0,0,0.375,1.33,0.62,0,130,recovered
left ss,0.6000,0.1,absorbed,20,vx: +0.0515 / +0.0550 m/s (94%)   vy: -0.0043 m/s (drift),17.1,1.00,64,11,0,0,,SURVIVED,4.930,SS/R,0.70,17.1,0.008,8,,1.00,63,,0,0,0.375,1.31,0.74,0,135,absorbed
left ss,0.6000,0.15,absorbed,20,vx: +0.0516 / +0.0550 m/s (94%)   vy: -0.0041 m/s (drift),14.8,1.00,65,12,0,0,,SURVIVED,4.930,SS/R,0.70,14.8,0.006,9,,1.00,65,,5,5,0.375,1.22,0.61,0,140,absorbed
left ss,0.6000,0.2,absorbed,20,vx: +0.0515 / +0.0550 m/s (94%)   vy: -0.0041 m/s (drift),14.9,1.00,100,14,0,0,,SURVIVED,4.930,SS/R,0.70,14.9,0.013,11,,1.00,100,0.030,65,65,0.375,1.22,0.92,0,155,absorbed
right ss,0.6000,0.05,fell,6,vx: +0.0000 / +0.0550 m/s (0%),255.6,1.01,212,24,6,0,5.235,FELL,4.930,SS/R,0.70,255.6,0.548,21,,1.01,212,,,,,1.74,0.00,110,15,fell
right ss,0.6000,0.1,recovered,20,vx: +0.0513 / +0.0550 m/s (93%)   vy: -0.0010 m/s (drift)   wz: -0.0164 rad/s (drift),24.7,1.00,110,33,0,0,,SURVIVED,4.930,SS/R,0.70,24.7,0.131,30,0.240,1.00,110,,0,0,0.375,1.40,0.56,0,145,recovered
right ss,0.6000,0.15,absorbed,20,vx: +0.0512 / +0.0550 m/s (93%)   vy: -0.0016 m/s (drift)   wz: -0.0177 rad/s (drift),18.8,1.00,107,16,0,0,,SURVIVED,4.930,SS/R,0.70,18.8,0.128,13,,1.00,107,,0,0,0.375,1.36,0.71,0,140,absorbed
right ss,0.6000,0.2,absorbed,20,vx: +0.0512 / +0.0550 m/s (93%)   vy: -0.0020 m/s (drift)   wz: -0.0166 rad/s (drift),13.7,1.00,107,17,0,0,,SURVIVED,4.930,SS/R,0.70,13.7,0.119,14,,1.00,107,0.030,0,0,0.375,1.38,0.63,5,150,absorbed
diag ss,0.7000,0.05,fell,7,vx: +0.2124 / +0.0550 m/s (386%)   vy: +0.1730 m/s (drift)   wz: +0.0045 rad/s (drift),125.7,1.00,129,22,0,0,5.790,FELL,4.930,SS/R,1.00,125.7,0.524,19,,1.00,129,,100,,0.375,1.24,0.62,30,20,fell
diag ss,0.7000,0.1,absorbed,20,vx: +0.0512 / +0.0550 m/s (93%)   vy: -0.0039 m/s (drift),14.3,1.00,71,16,0,0,,SURVIVED,4.930,SS/R,1.00,14.3,0.012,13,,1.00,71,,0,0,0.375,1.23,0.94,0,140,absorbed
diag ss,0.7000,0.15,absorbed,20,vx: +0.0511 / +0.0550 m/s (93%)   vy: -0.0038 m/s (drift),14.9,1.00,73,17,0,0,,SURVIVED,4.930,SS/R,1.00,14.9,0.011,14,,1.00,73,,0,0,0.375,1.21,0.94,0,135,absorbed
diag ss,0.7000,0.2,absorbed,20,vx: +0.0513 / +0.0550 m/s (93%)   vy: -0.0037 m/s (drift),11.2,1.00,64,10,0,0,,SURVIVED,4.930,SS/R,1.00,11.2,0.010,7,,1.00,64,0.030,5,5,0.375,1.21,0.94,0,150,absorbed
left ds (mirror),0.9500,0.05,recovered,20,vx: +0.0510 / +0.0550 m/s (93%)   vy: -0.0028 m/s (drift),21.1,1.00,116,27,0,0,,SURVIVED,5.705,DS,0.70,21.1,0.129,24,0.055,1.00,116,,100,,0.145,1.36,0.79,5,115,recovered
left ds (mirror),0.9500,0.1,absorbed,20,vx: +0.0519 / +0.0550 m/s (94%)   vy: -0.0033 m/s (drift),15.8,1.00,65,11,0,0,,SURVIVED,5.705,DS,0.70,15.8,0.012,8,,1.00,65,,43,5,0.145,2.08,0.67,0,120,absorbed
left ds (mirror),0.9500,0.15,fell,10,vx: +0.0815 / +0.0550 m/s (148%)   vy: -0.1578 m/s (drift)   wz: -0.0469 rad/s (drift),412.6,1.00,140,57,10,0,7.405,FELL,5.705,DS,0.70,412.6,0.528,54,,1.00,140,0.005,100,,0.145,1.19,0.95,115,30,fell
left ds (mirror),0.9500,0.2,fell,9,vx: +0.0121 / +0.0550 m/s (22%)   vy: +0.0225 m/s (drift)   wz: +0.0080 rad/s (drift),42.6,1.00,142,8,0,0,6.695,FELL,5.705,DS,0.70,42.6,0.533,5,,1.00,142,0.055,29,30,0.145,1.36,0.73,25,25,fell
left ss (mirror),0.4500,0.05,fell,8,vx: +0.1636 / +0.0550 m/s (298%)   vy: +0.0950 m/s (drift)   wz: -0.0898 rad/s (drift),108.7,1.00,184,56,31,2,6.165,FELL,5.475,SS/L,0.70,108.7,0.522,53,,1.00,184,,81,20,0.375,1.27,0.32,115,60,fell
left ss (mirror),0.4500,0.1,absorbed,20,vx: +0.0528 / +0.0550 m/s (96%)   vy: -0.0028 m/s (drift),13.8,1.00,108,29,0,0,,SURVIVED,5.475,SS/L,0.70,13.8,0.103,26,,1.00,108,,0,0,0.375,1.32,0.65,5,135,absorbed
left ss (mirror),0.4500,0.15,absorbed,20,vx: +0.0529 / +0.0550 m/s (96%)   vy: -0.0028 m/s (drift),13.6,1.00,109,23,0,0,,SURVIVED,5.475,SS/L,0.70,13.6,0.099,20,,1.00,109,,0,0,0.375,1.36,0.72,10,130,absorbed
left ss (mirror),0.4500,0.2,absorbed,20,vx: +0.0529 / +0.0550 m/s (96%)   vy: -0.0027 m/s (drift),13.3,1.00,110,30,0,0,,SURVIVED,5.475,SS/L,0.70,13.3,0.093,27,,1.00,110,0.025,0,0,0.375,1.39,0.00,10,150,absorbed
right ds (mirror),0.4500,0.05,absorbed,20,vx: +0.0520 / +0.0550 m/s (94%)   vy: -0.0033 m/s (drift),11.0,1.00,85,14,0,0,,SURVIVED,5.705,DS,0.70,11.0,0.005,11,,1.00,85,,100,,0.145,1.30,0.94,0,130,absorbed
right ds (mirror),0.4500,0.1,absorbed,20,vx: +0.0520 / +0.0550 m/s (94%)   vy: -0.0032 m/s (drift),9.8,1.00,64,17,0,0,,SURVIVED,5.705,DS,0.70,9.8,0.005,14,,1.00,64,,100,,0.145,1.32,0.57,0,115,absorbed
right ds (mirror),0.4500,0.15,absorbed,20,vx: +0.0524 / +0.0550 m/s (95%)   vy: -0.0034 m/s (drift),16.3,1.01,106,26,0,0,,SURVIVED,5.705,DS,0.70,16.3,0.052,23,,1.01,106,0.005,100,,0.145,1.36,0.68,0,120,absorbed
right ds (mirror),0.4500,0.2,fell,10,vx: +0.0462 / +0.0550 m/s (84%)   vy: +0.0852 m/s (drift)   wz: +0.2467 rad/s (drift),286.9,1.00,211,41,4,0,7.055,FELL,5.705,DS,0.70,286.9,0.522,38,,1.00,211,0.055,100,,0.145,1.32,0.44,135,30,fell
right ss (mirror),0.5500,0.05,absorbed,20,vx: +0.0519 / +0.0550 m/s (94%)   vy: -0.0033 m/s (drift),17.7,1.00,64,14,0,0,,SURVIVED,5.475,SS/L,0.70,17.7,0.007,11,,1.00,64,,0,0,0.375,1.38,0.73,0,120,absorbed
right ss (mirror),0.5500,0.1,absorbed,20,vx: +0.0519 / +0.0550 m/s (94%)   vy: -0.0033 m/s (drift),14.7,1.00,72,14,0,0,,SURVIVED,5.475,SS/L,0.70,14.7,0.007,11,,1.00,72,,0,0,0.375,1.21,0.60,0,115,absorbed
right ss (mirror),0.5500,0.15,absorbed,20,vx: +0.0519 / +0.0550 m/s (94%)   vy: -0.0033 m/s (drift),12.3,1.00,64,14,0,0,,SURVIVED,5.475,SS/L,0.70,12.3,0.006,11,,1.00,64,,0,0,0.375,1.22,0.92,0,125,absorbed
right ss (mirror),0.5500,0.2,absorbed,20,vx: +0.0520 / +0.0550 m/s (95%)   vy: -0.0033 m/s (drift),9.9,1.00,80,14,0,0,,SURVIVED,5.475,SS/L,0.70,9.9,0.005,11,,1.00,80,0.025,0,0,0.375,1.22,0.94,0,125,absorbed
