t,x,y,z,qw,qx,qy,qz,com_x,com_y,com_z,com_ref_z,tilt,com_ref_y,n_stance,swing_z,trunk_tilt,foot_z,foot_vz,acc_ref_z,e_lin_z,degraded,cop_lx,cop_ly,slip_l,slip_r,patch_lx,patch_ly,fqp_l_x,fqp_l_y,fqp_l_z,fmj_l_x,fmj_l_y,fmj_l_z,fqp_r_x,fqp_r_y,fqp_r_z,fmj_r_x,fmj_r_y,fmj_r_z,cop_qp_l_x,cop_qp_l_y,fz_qp_l,cop_mj_l_x,cop_mj_l_y,fz_mj_l,cop_qp_r_x,cop_qp_r_y,fz_qp_r,cop_mj_r_x,cop_mj_r_y,fz_mj_r,left_hip_pitch_joint,left_hip_roll_joint,left_hip_yaw_joint,left_knee_joint,left_ankle_pitch_joint,left_ankle_roll_joint,right_hip_pitch_joint,right_hip_roll_joint,right_hip_yaw_joint,right_knee_joint,right_ankle_pitch_joint,right_ankle_roll_joint,left_shoulder_pitch_joint,left_elbow_joint,right_shoulder_pitch_joint,right_elbow_joint,tau_left_hip_pitch_joint,tau_left_hip_roll_joint,tau_left_hip_yaw_joint,tau_left_knee_joint,tau_left_ankle_pitch_joint,tau_left_ankle_roll_joint,tau_right_hip_pitch_joint,tau_right_hip_roll_joint,tau_right_hip_yaw_joint,tau_right_knee_joint,tau_right_ankle_pitch_joint,tau_right_ankle_roll_joint,tau_left_shoulder_pitch_joint,tau_left_elbow_joint,tau_right_shoulder_pitch_joint,tau_right_elbow_joint,lim_left_hip_pitch_joint,lim_left_hip_roll_joint,lim_left_hip_yaw_joint,lim_left_knee_joint,lim_left_ankle_pitch_joint,lim_left_ankle_roll_joint,lim_right_hip_pitch_joint,lim_right_hip_roll_joint,lim_right_hip_yaw_joint,lim_right_knee_joint,lim_right_ankle_pitch_joint,lim_right_ankle_roll_joint,lim_left_shoulder_pitch_joint,lim_left_elbow_joint,lim_right_shoulder_pitch_joint,lim_right_elbow_joint
0.0000,-0.00090,-0.00052,0.75222,0.99985,0.00085,0.00539,-0.01631,0.03335,0.00091,0.68454,0.68454,0.00919,0.00091,2,0.03667,0.00919,0.035888,0.21127,-7.4376,0.0000,1,0.08500,0.03000,0.0000,0.0000,0.000000,0.000000,90.5455,-21.1196,149.3844,0.0000,0.0000,0.0000,92.7232,-90.5937,147.9729,0.0000,0.0000,0.0000,0.085008,0.030008,150.0006,0.000000,0.000000,0.0000,0.085008,0.006735,150.0006,0.000000,0.000000,0.0000,-0.31893,0.02234,0.00695,0.71400,-0.39968,-0.01554,-0.32793,0.03217,0.02945,0.72574,-0.39534,-0.00441,0.00762,0.01604,-0.00236,0.00430,37.45809,-21.68294,2.58623,22.04139,21.90568,-3.94174,8.18859,16.51012,-19.86674,14.74374,21.08525,1.67353,-1.05344,0.67285,1.17508,2.74286,88.000,88.000,88.000,139.000,35.000,35.000,88.000,88.000,88.000,139.000,35.000,35.000,25.000,25.000,25.000,25.000
0.0020,-0.00118,-0.00052,0.75207,0.99986,0.00086,0.00641,-0.01554,0.03314,0.00099,0.68440,0.68454,0.01076,0.00091,2,0.03658,0.01076,0.035945,0.20743,-17.0329,-0.0001,1,0.08500,0.03000,0.0000,0.0000,0.000000,0.000000,90.5420,-22.8126,149.4070,0.0000,0.0000,0.0000,92.6469,-90.9225,147.8189,0.0000,0.0000,0.0000,0.085008,0.030008,150.0007,0.000000,0.000000,0.0000,0.019606,0.030008,150.0007,0.000000,0.000000,0.0000,-0.32151,0.02210,0.00464,0.71572,-0.40055,-0.01283,-0.32931,0.03175,0.02730,0.72609,-0.39637,-0.00621,0.00839,0.01621,-0.00417,0.00529,30.22208,-21.38595,0.52575,15.67448,21.82483,-3.97308,-7.75954,14.87113,-20.19900,4.09983,11.03903,-1.76059,-2.12894,-2.64536,-1.17054,-0.13306,88.000,88.000,88.000,139.000,35.000,35.000,88.000,88.000,88.000,139.000,35.000,35.000,25.000,25.000,25.000,25.000
0.0040,-0.00146,-0.00052,0.75189,0.99986,0.00083,0.00742,-0.01483,0.03293,0.00106,0.68424,0.68454,0.01281,0.00091,2,0.03654,0.01281,0.035939,0.16915,-16.8165,-0.0001,1,0.08500,0.03000,0.0000,0.8898,0.000000,0.000000,90.8895,-4.2885,149.4144,0.0000,0.0000,0.0000,92.5985,-90.8035,147.9223,-100.9902,238.0207,484.3012,0.085008,0.030008,150.0006,0.000000,0.000000,0.0000,0.085008,0.022451,150.0006,0.085061,-0.030051,484.3012,-0.32400,0.02212,0.00267,0.71712,-0.40312,-0.01101,-0.33073,0.03178,0.02544,0.72693,-0.40102,-0.00827,0.00916,0.01644,-0.00639,0.00816,27.43077,-32.70338,6.30910,15.45252,21.83457,-4.73510,1.36143,26.51675,-25.92973,21.78131,21.26301,-0.78091,-1.42505,-0.47379,0.44613,2.54611,88.000,88.000,88.000,139.000,35.000,35.000,88.000,88.000,88.000,139.000,35.000,35.000,25.000,25.000,25.000,25.000
0.0060,-0.00178,-0.00052,0.75171,0.99986,0.00080,0.00841,-0.01421,0.03272,0.00114,0.68406,0.68454,0.01482,0.00091,2,0.03651,0.01482,0.035852,0.14824,-13.7454,-0.0001,1,0.08500,0.03000,0.0000,0.0000,0.000000,0.000000,90.3243,-23.2187,149.3919,0.0000,0.0000,0.0000,92.1018,-90.6528,148.3243,0.0000,0.0000,0.0000,0.085008,0.030008,150.0006,0.000000,0.000000,0.0000,0.085008,0.013647,150.0006,0.000000,0.000000,0.0000,-0.32650,0.02234,0.00101,0.71800,-0.40217,-0.00991,-0.33232,0.03219,0.02384,0.72806,-0.40364,-0.01049,0.01019,0.01651,-0.01058,0.01396,32.58672,-23.17991,1.00358,18.08297,22.05531,-4.22428,0.09547,17.11805,-21.64804,19.79805,21.31167,0.43536,-9.72349,6.78190,-8.03168,9.86281,88.000,88.000,88.000,139.000,35.000,35.000,88.000,88.000,88.000,139.000,35.000,35.000,25.000,25.000,25.000,25.000
0.0080,-0.00211,-0.00048,0.75151,0.99986,0.00082,0.00937,-0.01366,0.03251,0.00122,0.68385,0.68454,0.01682,0.00091,2,0.03646,0.01682,0.036017,0.26161,-11.9325,-0.0000,1,0.08500,0.03000,0.0000,0.0000,0.000000,0.000000,90.5290,-22.8158,149.2349,0.0000,0.0000,0.0000,91.9416,-90.4768,148.5310,0.0000,0.0000,0.0000,0.085008,0.030008,150.0007,0.000000,0.000000,0.0000,0.085008,-0.015075,150.0007,0.000000,0.000000,0.0000,-0.32911,0.02176,-0.00126,0.72098,-0.40551,-0.01293,-0.33389,0.03238,0.02234,0.72910,-0.40583,-0.01232,0.01157,0.01652,-0.01718,0.02435,29.36102,-24.10711,1.68102,17.96156,21.95802,-4.29003,-2.25577,19.70671,-23.07669,19.49014,21.33523,4.80777,-6.49904,11.79440,-5.22633,16.72038,88.000,88.000,88.000,139.000,35.000,35.000,88.000,88.000,88.000,139.000,35.000,35.000,25.000,25.000,25.000,25.000
0.0100,-0.00256,-0.00046,0.75124,0.99986,0.00078,0.01069,-0.01261,0.03228,0.00130,0.68365,0.68454,0.01874,0.00091,2,0.03635,0.01874,0.036299,0.33331,-21.2655,-0.0002,1,0.08500,0.03000,0.0000,0.0000,0.000000,0.000000,90.5412,-12.5708,149.4605,0.0000,0.0000,0.0000,91.8116,-90.3553,148.6854,0.0000,0.0000,0.0000,0.044909,0.030008,150.0007,0.000000,0.000000,0.0000,0.085008,0.029989,150.0007,0.000000,0.000000,0.0000,-0.33414,0.02101,-0.00405,0.72582,-0.40327,-0.01543,-0.33636,0.03240,0.02033,0.73022,-0.40767,-0.01382,0.01243,0.01619,-0.02338,0.03327,14.06700,-22.52039,1.85232,5.19147,15.62946,-4.83194,-8.11827,14.34054,-20.16511,19.14148,21.22577,-1.82730,-1.36906,-1.88714,0.83207,3.86648,88.000,88.000,88.000,139.000,35.000,35.000,88.000,88.000,88.000,139.000,35.000,35.000,25.000,25.000,25.000,25.000
0.0120,-0.00301,-0.00041,0.75096,0.99986,0.00083,0.01201,-0.01160,0.03206,0.00137,0.68341,0.68454,0.02138,0.00091,2,0.03621,0.02138,0.036814,0.43740,-27.4528,-0.0005,1,0.08500,0.03000,0.0000,0.0000,0.000000,0.000000,91.1935,-15.1682,149.0322,0.0000,0.0000,0.0000,91.7625,-90.2333,148.7898,0.0000,0.0000,0.0000,0.085008,0.030008,150.0007,0.000000,0.000000,0.0000,0.085008,0.030008,150.0007,0.000000,0.000000,0.0000,-0.33926,0.01949,-0.00730,0.73254,-0.40533,-0.02141,-0.33884,0.03220,0.01847,0.73126,-0.40923,-0.01505,0.01311,0.01615,-0.02910,0.04130,30.83409,-22.74714,1.41006,12.27856,21.68847,-4.66369,-13.67812,13.05885,-19.87257,18.88010,21.12338,-1.78177,0.79246,-1.40583,1.72502,3.32261,88.000,88.000,88.000,139.000,35.000,35.000,88.000,88.000,88.000,139.000,35.000,35.000,25.000,25.000,25.000,25.000
0.0140,-0.00348,-0.00035,0.75066,0.99985,0.00088,0.01325,-0.01070,0.03181,0.00144,0.68316,0.68454,0.02403,0.00091,2,0.03603,0.02403,0.037245,0.41123,-36.3717,-0.0010,0,0.08500,0.03000,0.0000,0.0000,0.000000,0.000000,91.6895,-6.3279,148.9050,0.0000,0.0000,0.0000,91.7382,-90.1431,148.8595,0.0000,0.0000,0.0000,0.085008,-0.030008,150.0007,0.000000,0.000000,0.0000,0.085008,-0.030008,150.0007,0.000000,0.000000,0.0000,-0.34409,0.01810,-0.01017,0.73867,-0.40221,-0.02638,-0.34123,0.03206,0.01682,0.73224,-0.41052,-0.01606,0.01274,0.01859,-0.03699,0.05370,27.90604,-14.14820,-2.87559,5.94193,21.55365,3.92122,-9.37402,20.29984,-24.03311,19.01394,21.38405,7.28397,-25.00127,25.00127,-25.00127,25.00127,88.000,88.000,88.000,139.000,35.000,35.000,88.000,88.000,88.000,139.000,35.000,35.000,25.000,25.000,25.000,25.000
0.0160,-0.00401,-0.00030,0.75033,0.99985,0.00098,0.01468,-0.00949,0.03157,0.00151,0.68288,0.68454,0.02652,0.00091,2,0.03581,0.02652,0.037836,0.48168,-35.1976,-0.0014,1,0.08500,0.03000,0.0000,0.0000,0.000000,0.000000,92.6804,-8.1641,148.2918,0.0000,0.0000,0.0000,91.7377,-90.0801,148.8979,0.0000,0.0000,0.0000,0.058063,0.030008,150.0007,0.000000,0.000000,0.0000,0.085008,0.030009,150.0007,0.000000,0.000000,0.0000,-0.35033,0.01600,-0.01339,0.74635,-0.40368,-0.02869,-0.34403,0.03161,0.01492,0.73315,-0.41160,-0.01688,0.01235,0.02226,-0.04432,0.06468,27.90604,-14.14820,-2.87559,5.94193,21.55365,3.92122,-9.37402,20.29984,-24.03311,19.01394,21.38405,7.28397,-25.00127,25.00127,-25.00127,25.00127,88.000,88.000,88.000,139.000,35.000,35.000,88.000,88.000,88.000,139.000,35.000,35.000,25.000,25.000,25.000,25.000
0.0180,-0.00454,-0.00025,0.75000,0.99983,0.00106,0.01615,-0.00846,0.03133,0.00156,0.68259,0.68454,0.02940,0.00091,2,0.03564,0.02940,0.038346,0.45016,-36.9108,-0.0020,1,0.08500,0.03000,0.0000,0.0000,0.000000,0.000000,91.2324,-91.1079,148.5828,0.0000,0.0000,0.0000,90.9340,2.1755,149.4376,0.0000,0.0000,0.0000,0.063366,0.030009,150.0007,0.000000,0.000000,0.0000,0.085008,0.030009,150.0007,0.000000,0.000000,0.0000,-0.35643,0.01427,-0.01614,0.75329,-0.40228,-0.02976,-0.34714,0.03138,0.01340,0.73452,-0.41577,-0.02013,0.01304,0.02499,-0.05134,0.07483,27.90604,-14.14820,-2.87559,5.94193,21.55365,3.92122,-9.37402,20.29984,-24.03311,19.01394,21.38405,7.28397,-25.00127,25.00127,-25.00127,25.00127,88.000,88.000,88.000,139.000,35.000,35.000,88.000,88.000,88.000,139.000,35.000,35.000,25.000,25.000,25.000,25.000
0.0200,-0.00510,-0.00012,0.74967,0.99983,0.00131,0.01756,-0.00567,0.03108,0.00162,0.68229,0.68454,0.03234,0.00091,2,0.03540,0.03234,0.039000,0.51186,-38.0469,-0.0025,0,0.08500,0.03000,0.0000,0.0000,0.000000,0.000000,93.8738,-7.8895,147.5546,0.0000,0.0000,0.0000,91.3816,-89.5835,149.4157,0.0000,0.0000,0.0000,0.085009,-0.030009,150.0007,0.000000,0.000000,0.0000,0.085009,-0.030009,150.0008,0.000000,0.000000,0.0000,-0.36357,0.01001,-0.02091,0.76117,-0.40198,-0.02949,-0.34928,0.02689,0.00576,0.73547,-0.41829,-0.02325,0.01438,0.02896,-0.06243,0.09045,38.79375,-8.06847,-5.40493,8.31122,21.71923,4.59753,-17.99618,12.99134,-21.40166,17.30838,21.26654,7.08823,-25.00133,25.00133,-25.00133,25.00133,88.000,88.000,88.000,139.000,35.000,35.000,88.000,88.000,88.000,139.000,35.000,35.000,25.000,25.000,25.000,25.000
0.0220,-0.00567,-0.00002,0.74932,0.99982,0.00158,0.01891,-0.00305,0.03084,0.00167,0.68200,0.68454,0.03518,0.00091,2,0.03519,0.03518,0.039584,0.47787,-40.4508,-0.0032,0,0.08500,0.03000,0.0000,0.0000,0.000000,0.000000,95.0606,17.6934,146.9792,0.0000,0.0000,0.0000,90.9844,-89.4521,149.7364,0.0000,0.0000,0.0000,0.085008,-0.030008,150.0007,0.000000,0.000000,0.0000,0.085008,-0.030008,150.0007,0.000000,0.000000,0.0000,-0.37035,0.00608,-0.02501,0.76858,-0.40167,-0.02926,-0.35141,0.02288,-0.00094,0.73702,-0.42198,-0.02522,0.01266,0.03807,-0.07243,0.10440,28.29173,-19.99267,0.28485,7.95000,21.55064,3.67877,-6.69131,51.88321,-38.68523,18.39520,21.51969,7.46775,-25.00127,25.00127,-25.00127,25.00126,88.000,88.000,88.000,139.000,35.000,35.000,88.000,88.000,88.000,139.000,35.000,35.000,25.000,25.000,25.000,25.000
0.0240,-0.00628,0.00008,0.74894,0.99979,0.00186,0.02024,-0.00068,0.03058,0.00173,0.68167,0.68454,0.03793,0.00091,2,0.03500,0.03793,0.040104,0.44573,-41.2762,-0.0038,0,0.08500,0.03000,0.0000,1.1667,0.000000,0.000000,95.2908,4.7357,146.7336,0.0000,0.0000,0.0000,90.5435,-89.4286,150.0176,-162.0348,0.0000,231.4783,0.085009,-0.030009,150.0007,0.000000,0.000000,0.0000,0.085008,-0.030009,150.0008,0.085007,0.030008,231.4783,-0.37683,0.00248,-0.02842,0.77552,-0.40134,-0.02907,-0.35378,0.01926,-0.00692,0.73886,-0.43006,-0.02546,0.00831,0.05152,-0.08303,0.11799,25.61854,-13.13189,-3.26661,6.06116,21.55160,4.19691,-18.72655,41.48077,-33.36686,14.23489,21.26871,7.64207,-25.00130,25.00130,-25.00130,25.00130,88.000,88.000,88.000,139.000,35.000,35.000,88.000,88.000,88.000,139.000,35.000,35.000,25.000,25.000,25.000,25.000
0.0260,-0.00693,0.00017,0.74854,0.99976,0.00212,0.02156,0.00147,0.03033,0.00178,0.68132,0.68454,0.04061,0.00091,2,0.03508,0.04061,0.040560,0.41615,-41.9224,-0.0043,0,0.08500,0.03000,0.0000,0.6527,0.000000,0.000000,96.4045,30.2238,146.1648,0.0000,0.0000,0.0000,89.4526,-89.6513,150.5381,537.9865,-359.0823,1651.6058,0.085008,-0.030008,150.0007,0.000000,0.000000,0.0000,0.085008,-0.030008,150.0007,-0.085022,0.018069,1651.6058,-0.38316,-0.00071,-0.03125,0.78207,-0.40099,-0.02892,-0.35734,0.01646,-0.01083,0.74327,-0.43332,-0.02396,0.00199,0.06688,-0.09407,0.13108,29.04030,-22.88807,2.38750,4.95429,21.72083,3.44697,-26.57814,38.11255,-32.19061,15.61357,21.15323,7.81673,-25.00129,25.00129,-25.00129,25.00128,88.000,88.000,88.000,139.000,35.000,35.000,88.000,88.000,88.000,139.000,35.000,35.000,25.000,25.000,25.000,25.000
0.0280,-0.00756,0.00024,0.74812,0.99973,0.00232,0.02299,0.00345,0.03009,0.00182,0.68097,0.68454,0.04329,0.00091,2,0.03542,0.04329,0.040942,0.37592,-40.8835,-0.0047,1,0.08500,0.03000,0.0000,0.6435,0.000000,0.000000,94.0156,-90.7972,147.0299,0.0000,0.0000,0.0000,89.3603,19.5280,150.3723,498.1468,-325.7655,1541.6628,0.085008,-0.008405,150.0007,0.000000,0.000000,0.0000,0.058477,0.030009,150.0007,-0.085020,0.018302,1541.6628,-0.38949,-0.00346,-0.03364,0.78827,-0.40067,-0.02879,-0.36213,0.01446,-0.01293,0.75006,-0.43271,-0.02118,-0.00293,0.07693,-0.10303,0.14009,29.04030,-22.88807,2.38750,4.95429,21.72083,3.44697,-26.57814,38.11255,-32.19061,15.61357,21.15323,7.81673,-25.00129,25.00129,-25.00129,25.00128,88.000,88.000,88.000,139.000,35.000,35.000,88.000,88.000,88.000,139.000,35.000,35.000,25.000,25.000,25.000,25.000
0.0300,-0.00821,0.00034,0.74766,0.99969,0.00251,0.02436,0.00533,0.02987,0.00186,0.68064,0.68454,0.04618,0.00091,2,0.03570,0.04618,0.041258,0.34502,-38.2733,-0.0051,0,0.08500,0.03000,0.0000,0.0000,0.000000,0.000000,94.5189,-90.6746,146.7811,0.0000,0.0000,0.0000,90.1680,16.0265,149.9187,0.0000,0.0000,0.0000,0.085008,-0.030009,150.0007,0.000000,0.000000,0.0000,0.085008,-0.030009,150.0007,0.000000,0.000000,0.0000,-0.39554,-0.00612,-0.03575,0.79414,-0.40035,-0.02868,-0.36676,0.01250,-0.01483,0.75658,-0.43211,-0.01885,-0.00993,0.08925,-0.11247,0.15066,9.43122,45.33222,-36.31509,2.84765,21.32600,7.75147,-7.84970,-26.29970,4.40795,10.16961,21.19416,4.19694,-25.00130,25.00130,-25.00130,25.00130,88.000,88.000,88.000,139.000,35.000,35.000,88.000,88.000,88.000,139.000,35.000,35.000,25.000,25.000,25.000,25.000
0.0320,-0.00888,0.00048,0.74719,0.99964,0.00268,0.02567,0.00706,0.02964,0.00189,0.68026,0.68454,0.04895,0.00091,2,0.03595,0.04895,0.041513,0.31360,-36.3028,-0.0054,0,0.08500,0.03000,0.0000,1.1667,0.000000,0.000000,94.9994,-90.5405,146.5542,0.0000,0.0000,0.0000,90.8043,52.9072,149.6391,0.0000,7.3346,10.4780,0.085009,-0.030009,150.0008,0.000000,0.000000,0.0000,0.085008,-0.030009,150.0008,0.085032,-0.030022,10.4780,-0.40132,-0.00868,-0.03759,0.79968,-0.40004,-0.02858,-0.37141,0.01045,-0.01645,0.76293,-0.43603,-0.01862,-0.01876,0.10354,-0.12362,0.16530,14.29965,49.07208,-38.71254,3.65328,21.56044,7.89346,-19.59084,-43.10872,13.87336,9.43036,20.76515,2.97073,-25.00131,25.00131,-25.00131,25.00131,88.000,88.000,88.000,139.000,35.000,35.000,88.000,88.000,88.000,139.000,35.000,35.000,25.000,25.000,25.000,25.000
0.0340,-0.00957,0.00067,0.74668,0.99959,0.00284,0.02700,0.00865,0.02943,0.00192,0.67986,0.68454,0.05159,0.00091,2,0.03612,0.05159,0.041704,0.28190,-34.1938,-0.0057,0,0.08500,0.03000,0.0000,1.1667,0.000000,0.000000,95.4487,-90.3951,146.3513,0.0000,0.0000,0.0000,90.7814,59.3535,149.6090,0.0000,5.7564,8.2234,0.085008,-0.030009,150.0007,0.000000,0.000000,0.0000,0.085008,-0.030008,150.0007,0.085035,-0.030021,8.2234,-0.40700,-0.01114,-0.03920,0.80493,-0.39973,-0.02849,-0.37624,0.00834,-0.01780,0.76889,-0.43851,-0.02008,-0.02912,0.11774,-0.13363,0.17825,7.92942,48.95442,-38.59492,3.30703,21.37274,7.89470,-14.64538,-41.61347,14.04773,11.28764,20.95460,2.63883,-25.00130,25.00130,-25.00130,25.00130,88.000,88.000,88.000,139.000,35.000,35.000,88.000,88.000,88.000,139.000,35.000,35.000,25.000,25.000,25.000,25.000
0.0360,-0.01039,0.00083,0.74611,0.99953,0.00292,0.02862,0.01066,0.02921,0.00194,0.67943,0.68454,0.05428,0.00091,2,0.03624,0.05428,0.042035,0.35409,-31.9596,-0.0059,0,0.08500,0.03000,0.0000,0.0000,0.000000,0.000000,95.8714,-90.2422,146.1697,0.0000,0.0000,0.0000,90.9315,56.2997,149.3510,0.0000,0.0000,0.0000,0.085008,-0.030008,150.0007,0.000000,0.000000,0.0000,0.085008,-0.030008,150.0007,0.000000,0.000000,0.0000,-0.41481,-0.01369,-0.04103,0.81198,-0.39913,-0.02840,-0.38186,0.00612,-0.01952,0.77479,-0.44057,-0.02128,-0.04128,0.13347,-0.14494,0.19262,7.21557,44.86537,-38.29968,3.52811,21.39045,7.78579,-15.65090,-39.89059,11.47738,12.44476,20.91632,2.54696,-25.00128,25.00128,-25.00129,25.00128,88.000,88.000,88.000,139.000,35.000,35.000,88.000,88.000,88.000,139.000,35.000,35.000,25.000,25.000,25.000,25.000
0.0380,-0.01123,0.00100,0.74549,0.99946,0.00300,0.03024,0.01258,0.02900,0.00196,0.67896,0.68454,0.05752,0.00091,2,0.03628,0.05752,0.042294,0.31744,-37.7465,-0.0062,0,0.08500,0.03000,0.0000,0.0000,0.000000,0.000000,96.4231,-90.0337,145.9342,0.0000,0.0000,0.0000,91.2019,37.3121,149.1084,0.0000,0.0000,0.0000,0.085008,-0.030008,150.0007,0.000000,0.000000,0.0000,0.085008,-0.030008,150.0007,0.000000,0.000000,0.0000,-0.42254,-0.01614,-0.04261,0.81874,-0.39858,-0.02831,-0.38752,0.00399,-0.02102,0.78053,-0.44229,-0.02226,-0.05432,0.14898,-0.15684,0.20671,17.76707,42.55523,-37.94590,4.97607,21.50644,7.74641,-17.34724,-31.02668,5.64473,12.74852,20.95439,3.23808,-25.00129,25.00129,-25.00129,25.00129,88.000,88.000,88.000,139.000,35.000,35.000,88.000,88.000,88.000,139.000,35.000,35.000,25.000,25.000,25.000,25.000
0.0400,-0.01213,0.00114,0.74479,0.99936,0.00301,0.03224,0.01489,0.02878,0.00198,0.67845,0.68454,0.06077,0.00091,2,0.03626,0.06077,0.042677,0.37908,-35.7385,-0.0065,1,0.08500,0.03000,0.8374,0.8791,0.084292,0.157781,96.9470,-89.8155,145.7234,88.7560,62.3856,215.9165,91.3496,41.1699,148.8891,-319.2681,147.3759,666.6342,0.085008,-0.030009,150.0008,0.085290,0.030068,215.9165,0.078555,0.028209,150.0008,0.085056,0.030009,666.6342,-0.43239,-0.01861,-0.04433,0.82712,-0.39779,-0.02823,-0.39401,0.00182,-0.02281,0.78615,-0.44372,-0.02307,-0.06561,0.15978,-0.16694,0.21642,17.76707,42.55523,-37.94590,4.97607,21.50644,7.74641,-17.34724,-31.02668,5.64473,12.74852,20.95439,3.23808,-25.00129,25.00129,-25.00129,25.00129,88.000,88.000,88.000,139.000,35.000,35.000,88.000,88.000,88.000,139.000,35.000,35.000,25.000,25.000,25.000,25.000
0.0420,-0.01304,0.00124,0.74407,0.99927,0.00299,0.03415,0.01709,0.02857,0.00201,0.67791,0.68454,0.06477,0.00091,2,0.03637,0.06477,0.042988,0.34545,-34.8940,-0.0068,0,0.08500,0.03000,0.8434,0.8843,0.083375,0.157693,97.5951,-89.5358,145.4603,90.0728,58.4799,212.2180,91.5118,41.7228,148.6697,-325.2454,144.1193,670.5210,0.085009,-0.030009,150.0008,0.085305,0.030071,212.2180,0.085009,-0.030009,150.0008,0.085063,0.030017,670.5210,-0.44182,-0.02072,-0.04570,0.83500,-0.39708,-0.02816,-0.40036,0.00028,-0.02396,0.79278,-0.44962,-0.02170,-0.07780,0.17234,-0.17876,0.23011,-0.20400,38.55097,-39.31075,0.30527,21.38501,7.68826,-27.58518,-36.69193,6.31929,12.93271,20.65719,3.12127,-25.00134,25.00134,-25.00134,25.00134,88.000,88.000,88.000,139.000,35.000,35.000,88.000,88.000,88.000,139.000,35.000,35.000,25.000,25.000,25.000,25.000
0.0440,-0.01395,0.00129,0.74335,0.99916,0.00294,0.03606,0.01919,0.02834,0.00203,0.67734,0.68454,0.06857,0.00091,2,0.03654,0.06857,0.043234,0.31199,-35.2436,-0.0072,0,0.08500,0.03000,0.8645,0.8810,0.082490,0.157630,98.2170,-89.2435,145.2215,92.4855,48.3481,201.1909,91.4699,16.8437,148.9352,-307.3394,139.7486,638.6972,0.085009,-0.030009,150.0008,0.085318,0.030073,201.1909,0.085009,-0.030009,150.0008,0.085056,0.030013,638.6972,-0.45107,-0.02241,-0.04680,0.84238,-0.39852,-0.02739,-0.40687,-0.00068,-0.02471,0.79987,-0.45753,-0.01792,-0.09065,0.18644,-0.18989,0.24219,5.26825,36.92842,-38.57046,1.79301,21.41756,7.63179,-36.03439,-33.04349,2.60907,5.72711,20.58288,4.22857,-25.00140,25.00140,-25.00140,25.00140,88.000,88.000,88.000,139.000,35.000,35.000,88.000,88.000,88.000,139.000,35.000,35.000,25.000,25.000,25.000,25.000
0.0460,-0.01485,0.00131,0.74261,0.99905,0.00291,0.03792,0.02123,0.02812,0.00207,0.67677,0.68454,0.07237,0.00091,2,0.03665,0.07237,0.043390,0.27722,-35.4937,-0.0074,0,0.08500,0.03000,0.0000,0.0000,0.000000,0.000000,98.4905,-89.0578,145.1508,0.0000,0.0000,0.0000,90.9759,12.1131,149.3071,0.0000,0.0000,0.0000,0.085009,-0.030009,150.0008,0.000000,0.000000,0.0000,0.085009,-0.030009,150.0008,0.000000,0.000000,0.0000,-0.46012,-0.02396,-0.04774,0.84908,-0.39678,-0.02612,-0.41318,-0.00155,-0.02530,0.80657,-0.46424,-0.01478,-0.10312,0.20123,-0.20198,0.25571,7.50394,34.11609,-37.34384,2.47988,21.47155,7.72236,-35.29675,-31.11624,1.36316,7.77753,20.76914,4.33833,-25.00138,25.00138,-25.00138,25.00138,88.000,88.000,88.000,139.000,35.000,35.000,88.000,88.000,88.000,139.000,35.000,35.000,25.000,25.000,25.000,25.000
0.0480,-0.01575,0.00130,0.74185,0.99893,0.00294,0.03975,0.02327,0.02790,0.00210,0.67617,0.68454,0.07607,0.00091,2,0.03668,0.07607,0.043667,0.32633,-34.4302,-0.0075,0,0.08500,0.03000,0.0000,0.0000,0.000000,0.000000,99.1527,-88.9527,144.7641,0.0000,0.0000,0.0000,90.8142,-1.2785,149.5257,0.0000,0.0000,0.0000,0.085009,-0.030009,150.0008,0.000000,0.000000,0.0000,0.085009,-0.030009,150.0008,0.000000,0.000000,0.0000,-0.46916,-0.02588,-0.04836,0.85662,-0.39733,-0.02384,-0.41930,-0.00249,-0.02581,0.81289,-0.46994,-0.01217,-0.11512,0.21670,-0.21514,0.27070,12.98794,32.65271,-36.76787,4.76387,21.44304,7.64043,-39.06553,-25.40340,-2.32221,7.54814,20.84077,4.65095,-25.00139,25.00139,-25.00139,25.00139,88.000,88.000,88.000,139.000,35.000,35.000,88.000,88.000,88.000,139.000,35.000,35.000,25.000,25.000,25.000,25.000
0.0500,-0.01664,0.00132,0.74106,0.99880,0.00313,0.04158,0.02556,0.02767,0.00212,0.67555,0.68454,0.07972,0.00091,2,0.03663,0.07972,0.043872,0.30113,-36.6429,-0.0078,0,0.08500,0.03000,0.0000,0.0000,0.000000,0.000000,99.5894,-88.9431,144.4701,0.0000,0.0000,0.0000,89.8190,30.8732,149.8825,0.0000,0.0000,0.0000,0.085009,-0.030009,150.0008,0.000000,0.000000,0.0000,0.085009,-0.030009,150.0008,0.000000,0.000000,0.0000,-0.47811,-0.02852,-0.04912,0.86343,-0.39283,-0.02193,-0.42517,-0.00557,-0.02889,0.81895,-0.47487,-0.00999,-0.12646,0.23096,-0.22803,0.28404,14.76703,42.42476,-41.99312,3.48615,21.59763,7.82325,-45.87125,-41.48403,7.35292,7.10745,20.74050,3.49722,-25.00140,25.00140,-25.00140,25.00140,88.000,88.000,88.000,139.000,35.000,35.000,88.000,88.000,88.000,139.000,35.000,35.000,25.000,25.000,25.000,25.000
0.0520,-0.01753,0.00131,0.74026,0.99866,0.00338,0.04344,0.02788,0.02744,0.00214,0.67490,0.68454,0.08340,0.00091,2,0.03650,0.08340,0.044206,0.35662,-37.0293,-0.0080,0,0.08500,0.03000,0.0000,0.0000,0.000000,0.000000,100.6585,-88.8588,143.7800,0.0000,0.0000,0.0000,89.7440,26.6250,149.9994,0.0000,0.0000,0.0000,0.085009,-0.030009,150.0008,0.000000,0.000000,0.0000,0.085009,-0.030009,150.0008,0.000000,0.000000,0.0000,-0.48729,-0.03152,-0.04965,0.87118,-0.39302,-0.01841,-0.43099,-0.00866,-0.03174,0.82470,-0.47905,-0.00817,-0.13770,0.24456,-0.24022,0.29564,13.20518,40.87179,-41.87391,3.58131,21.44998,7.75394,-48.61894,-33.12198,5.12552,7.27430,20.69437,3.59811,-25.00141,25.00141,-25.00141,25.00141,88.000,88.000,88.000,139.000,35.000,35.000,88.000,88.000,88.000,139.000,35.000,35.000,25.000,25.000,25.000,25.000
0.0540,-0.01843,0.00130,0.73946,0.99851,0.00363,0.04527,0.03028,0.02721,0.00215,0.67424,0.68454,0.08714,0.00091,2,0.03632,0.08714,0.044731,0.44832,-38.8734,-0.0084,0,0.08500,0.03000,0.8469,0.0000,0.078448,0.157261,101.1483,-88.9687,143.3669,85.5764,53.3478,198.4632,89.3808,37.7919,150.1889,0.0000,0.0000,0.0000,0.085009,-0.030009,150.0008,0.085377,0.030042,198.4632,0.085009,-0.030009,150.0008,0.000000,0.000000,0.0000,-0.49674,-0.03453,-0.05020,0.88020,-0.39478,-0.01744,-0.43659,-0.01177,-0.03447,0.83000,-0.48254,-0.00664,-0.15024,0.26022,-0.25246,0.31010,5.87124,50.23342,-45.85851,1.56049,21.33159,8.05315,-48.56216,-36.02422,8.09864,7.57690,20.85416,3.23945,-25.00143,25.00143,-25.00143,25.00143,88.000,88.000,88.000,139.000,35.000,35.000,88.000,88.000,88.000,139.000,35.000,35.000,25.000,25.000,25.000,25.000
0.0560,-0.01932,0.00128,0.73863,0.99835,0.00388,0.04711,0.03261,0.02697,0.00216,0.67358,0.68454,0.09082,0.00091,2,0.03608,0.09082,0.045148,0.40771,-40.7749,-0.0089,0,0.08500,0.03000,0.0000,0.0000,0.000000,0.000000,101.5721,-88.6963,143.2362,0.0000,0.0000,0.0000,89.1865,43.3948,150.3020,0.0000,0.0000,0.0000,0.085009,-0.030009,150.0008,0.000000,0.000000,0.0000,0.085009,-0.030009,150.0008,0.000000,0.000000,0.0000,-0.50608,-0.03744,-0.05059,0.88850,-0.39227,-0.01642,-0.44216,-0.01473,-0.03690,0.83506,-0.48550,-0.00536,-0.16294,0.27514,-0.26393,0.32305,10.78453,50.90054,-46.67081,1.81444,21.53981,8.39251,-53.71637,-38.50101,9.30297,7.27588,20.79423,3.03100,-25.00144,25.00144,-25.00144,25.00144,88.000,88.000,88.000,139.000,35.000,35.000,88.000,88.000,88.000,139.000,35.000,35.000,25.000,25.000,25.000,25.000
0.0580,-0.02023,0.00125,0.73778,0.99818,0.00416,0.04892,0.03493,0.02673,0.00217,0.67289,0.68454,0.09452,0.00091,2,0.03578,0.09452,0.045776,0.50087,-40.7755,-0.0093,1,0.08500,0.03000,0.0000,0.0000,0.000000,0.000000,102.5270,-88.4257,142.7223,0.0000,0.0000,0.0000,89.1887,42.5736,150.3128,0.0000,0.0000,0.0000,0.085009,-0.030009,150.0008,0.000000,0.000000,0.0000,0.085009,-0.030009,150.0008,0.000000,0.000000,0.0000,-0.51550,-0.04028,-0.05066,0.89827,-0.39372,-0.01269,-0.44757,-0.01765,-0.03911,0.83980,-0.48798,-0.00429,-0.17555,0.29108,-0.27624,0.33765,10.78453,50.90054,-46.67081,1.81444,21.53981,8.39251,-53.71637,-38.50101,9.30297,7.27588,20.79423,3.03100,-25.00144,25.00144,-25.00144,25.00144,88.000,88.000,88.000,139.000,35.000,35.000,88.000,88.000,88.000,139.000,35.000,35.000,25.000,25.000,25.000,25.000
0.0600,-0.02112,0.00123,0.73690,0.99801,0.00444,0.05071,0.03715,0.02648,0.00218,0.67220,0.68454,0.09817,0.00091,2,0.03543,0.09817,0.046300,0.45974,-42.3473,-0.0099,0,0.08500,0.03000,0.0000,0.0000,0.000000,0.000000,103.1046,-88.5334,142.2384,0.0000,0.0000,0.0000,88.7167,60.7406,150.5137,0.0000,0.0000,0.0000,0.085009,-0.030009,150.0008,0.000000,0.000000,0.0000,0.085009,-0.030009,150.0008,0.000000,0.000000,0.0000,-0.52469,-0.04300,-0.05054,0.90736,-0.39009,-0.00959,-0.45291,-0.02042,-0.04103,0.84434,-0.49009,-0.00340,-0.18772,0.30584,-0.28953,0.35416,13.03981,52.06143,-48.18308,1.07067,21.62101,8.60252,-65.43696,-46.71723,14.06411,6.93333,20.52196,2.42058,-25.00145,25.00145,-25.00145,25.00145,88.000,88.000,88.000,139.000,35.000,35.000,88.000,88.000,88.000,139.000,35.000,35.000,25.000,25.000,25.000,25.000
0.0620,-0.02202,0.00121,0.73600,0.99783,0.00471,0.05256,0.03927,0.02623,0.00219,0.67147,0.68454,0.10178,0.00091,2,0.03504,0.10178,0.046778,0.43594,-42.3514,-0.0104,1,0.08500,0.03000,0.0000,1.1667,0.000000,0.000000,104.3371,-88.5399,141.3328,0.0000,0.0000,0.0000,88.5903,65.6383,150.5457,0.0000,12.3888,17.6982,0.085009,-0.030010,150.0009,0.000000,0.000000,0.0000,0.085009,-0.030009,150.0009,0.085013,-0.030060,17.6982,-0.53397,-0.04561,-0.05026,0.91624,-0.38688,-0.00701,-0.45850,-0.02315,-0.04258,0.84882,-0.49622,-0.00423,-0.19941,0.31946,-0.30194,0.36911,13.03981,52.06143,-48.18308,1.07067,21.62101,8.60252,-65.43696,-46.71723,14.06411,6.93333,20.52196,2.42058,-25.00145,25.00145,-25.00145,25.00145,88.000,88.000,88.000,139.000,35.000,35.000,88.000,88.000,88.000,139.000,35.000,35.000,25.000,25.000,25.000,25.000
0.0640,-0.02297,0.00120,0.73509,0.99764,0.00496,0.05453,0.04147,0.02599,0.00219,0.67071,0.68454,0.10550,0.00091,2,0.03486,0.10550,0.047541,0.57063,-42.4696,-0.0109,0,0.08500,0.03000,0.0000,0.4411,0.000000,0.000000,105.4807,-88.4641,140.5284,0.0000,0.0000,0.0000,87.3932,84.6970,150.9835,331.0722,-26.8008,1254.9788,0.085009,-0.030009,150.0008,0.000000,0.000000,0.0000,0.085009,-0.030009,150.0008,-0.062960,-0.025701,1254.9788,-0.54409,-0.04826,-0.04999,0.92704,-0.38730,-0.00194,-0.46516,-0.02579,-0.04322,0.85494,-0.50327,-0.00883,-0.21187,0.33429,-0.31373,0.38280,14.25511,52.69507,-49.17064,1.48697,21.45290,8.47987,-69.86202,-53.47192,19.31744,8.30622,20.45886,1.55833,-25.00144,25.00144,-25.00144,25.00144,88.000,88.000,88.000,139.000,35.000,35.000,88.000,88.000,88.000,139.000,35.000,35.000,25.000,25.000,25.000,25.000
0.0660,-0.02392,0.00123,0.73417,0.99743,0.00531,0.05650,0.04377,0.02574,0.00219,0.66999,0.68454,0.10946,0.00091,2,0.03509,0.10946,0.048222,0.53803,-45.3876,-0.0117,0,0.08500,0.03000,0.0000,0.6783,0.000000,0.000000,103.7847,91.2254,140.0270,0.0000,0.0000,0.0000,91.9937,-83.1249,149.9731,551.2606,-272.9498,1511.5221,0.085009,-0.030009,150.0008,0.000000,0.000000,0.0000,0.085009,-0.030009,150.0008,-0.085023,0.017998,1511.5221,-0.55407,-0.05145,-0.04980,0.93695,-0.38266,0.00230,-0.47300,-0.02960,-0.04419,0.86429,-0.50511,-0.01710,-0.22435,0.35026,-0.32591,0.39606,7.76349,-38.99437,14.20081,-3.36365,21.28078,2.26246,-60.11281,42.19975,-42.35848,4.60435,20.72506,7.11519,-25.00142,25.00142,-25.00142,25.00142,88.000,88.000,88.000,139.000,35.000,35.000,88.000,88.000,88.000,139.000,35.000,35.000,25.000,25.000,25.000,25.000
0.0680,-0.02485,0.00128,0.73330,0.99721,0.00575,0.05851,0.04594,0.02552,0.00218,0.66928,0.68454,0.11346,0.00091,2,0.03558,0.11346,0.048710,0.22071,-47.4931,-0.0123,0,0.08500,0.03000,0.0000,0.6839,0.000000,0.000000,104.8112,87.2712,139.3949,0.0000,0.0000,0.0000,92.7791,-86.2528,150.5105,476.9713,-296.1901,1368.1757,0.085009,-0.030009,150.0008,0.000000,0.000000,0.0000,0.085009,-0.030009,150.0008,-0.085006,0.025022,1368.1757,-0.56297,-0.05470,-0.04985,0.94498,-0.38244,0.00292,-0.48136,-0.03326,-0.04402,0.87521,-0.50607,-0.02544,-0.23674,0.36556,-0.33695,0.40791,1.87141,-39.39647,13.53136,-4.99248,21.02183,2.21795,-48.52432,50.57429,-47.29510,0.32505,20.67763,7.49136,-25.00142,25.00142,-25.00142,25.00142,88.000,88.000,88.000,139.000,35.000,35.000,88.000,88.000,88.000,139.000,35.000,35.000,25.000,25.000,25.000,25.000
0.0700,-0.02589,0.00131,0.73248,0.99692,0.00606,0.06094,0.04894,0.02529,0.00218,0.66862,0.68454,0.11754,0.00091,2,0.03579,0.11754,0.049222,0.43348,-38.1760,-0.0128,0,0.08500,0.03000,0.9349,1.1667,0.068892,0.095683,105.4676,65.8932,138.9268,-266.5376,34.8366,479.1872,93.7694,-84.4681,150.9077,-159.1711,0.0000,227.3873,0.085009,-0.030010,150.0008,0.085574,-0.030021,479.1872,0.085009,-0.030010,150.0008,0.085020,0.030070,227.3873,-0.57333,-0.06030,-0.05444,0.95273,-0.38375,0.00034,-0.48972,-0.03923,-0.04849,0.88342,-0.51129,-0.02978,-0.24954,0.37964,-0.34716,0.41816,4.64722,-38.15548,9.21843,-1.34247,21.55934,2.45494,-60.16157,49.21490,-48.86563,-4.22900,20.41665,7.66931,-25.00146,25.00146,25.00147,25.00146,88.000,88.000,88.000,139.000,35.000,35.000,88.000,88.000,88.000,139.000,35.000,35.000,25.000,25.000,25.000,25.000
0.0720,-0.02703,0.00141,0.73165,0.99664,0.00660,0.06365,0.05118,0.02502,0.00217,0.66799,0.68454,0.12244,0.00091,2,0.03638,0.12244,0.049682,0.37495,-53.7167,-0.0133,0,0.08500,0.03000,0.0000,0.9385,0.000000,0.000000,105.5306,71.0826,138.6812,0.0000,0.0000,0.0000,93.5477,-83.7011,151.4721,165.9532,49.2432,307.4234,0.085010,-0.030010,150.0009,0.000000,0.000000,0.0000,0.085010,-0.030010,150.0009,0.085017,0.030099,307.4234,-0.58390,-0.06689,-0.05944,0.95980,-0.38476,-0.00184,-0.50058,-0.04610,-0.05298,0.89488,-0.51639,-0.02988,-0.26409,0.39607,-0.35714,0.42990,-35.13514,-41.98053,9.96774,-18.43883,20.87946,2.17127,-33.09821,50.53273,-49.56992,0.67604,21.21297,8.05208,-25.00151,25.00151,25.00152,25.00151,88.000,88.000,88.000,139.000,35.000,35.000,88.000,88.000,88.000,139.000,35.000,35.000,25.000,25.000,25.000,25.000
0.0740,-0.02814,0.00143,0.73080,0.99642,0.00688,0.06634,0.05203,0.02474,0.00217,0.66736,0.68454,0.12796,0.00091,2,0.03690,0.12796,0.049995,0.33521,-51.8732,-0.0138,1,0.08500,0.03000,0.0000,0.0000,0.000000,0.000000,105.7554,77.7729,138.4393,0.0000,0.0000,0.0000,93.3796,-83.7389,151.5548,0.0000,0.0000,0.0000,0.085010,-0.030010,150.0010,0.000000,0.000000,0.0000,0.085010,-0.030010,150.0010,0.000000,0.000000,0.0000,-0.59368,-0.06959,-0.06094,0.96641,-0.38590,-0.00367,-0.51202,-0.04927,-0.05372,0.90534,-0.51795,-0.02949,-0.27826,0.41119,-0.36609,0.44206,-35.13514,-41.98053,9.96774,-18.43883,20.87946,2.17127,-33.09821,50.53273,-49.56992,0.67604,21.21297,8.05208,-25.00151,25.00151,25.00152,25.00151,88.000,88.000,88.000,139.000,35.000,35.000,88.000,88.000,88.000,139.000,35.000,35.000,25.000,25.000,25.000,25.000
0.0760,-0.02931,0.00142,0.72990,0.99615,0.00713,0.06927,0.05326,0.02447,0.00216,0.66670,0.68454,0.13337,0.00091,2,0.03732,0.13337,0.050445,0.40374,-49.1903,-0.0141,0,0.08500,0.03000,0.0000,0.0000,0.000000,0.000000,105.9339,80.5215,138.1937,0.0000,0.0000,0.0000,93.7301,-83.7117,151.3533,0.0000,0.0000,0.0000,0.085010,-0.030010,150.0010,0.000000,0.000000,0.0000,0.085010,-0.030010,150.0010,0.000000,0.000000,0.0000,-0.60508,-0.07269,-0.06276,0.97418,-0.38649,-0.00518,-0.52387,-0.05266,-0.05476,0.91540,-0.51922,-0.02916,-0.29164,0.42607,-0.37452,0.45288,-28.43641,-44.61460,16.39488,-15.51109,20.84244,1.92745,-77.58879,51.66178,-49.23177,-12.56029,21.21686,8.29615,-25.00151,25.00151,25.00151,25.00151,88.000,88.000,88.000,139.000,35.000,35.000,88.000,88.000,88.000,139.000,35.000,35.000,25.000,25.000,25.000,25.000
0.0780,-0.03049,0.00141,0.72895,0.99588,0.00736,0.07215,0.05442,0.02420,0.00215,0.66600,0.68454,0.13925,0.00091,2,0.03766,0.13925,0.050814,0.36274,-52.4666,-0.0145,0,0.08500,0.03000,0.0000,0.0000,0.000000,0.000000,106.0742,91.8684,137.8719,0.0000,0.0000,0.0000,94.0968,-83.6448,151.1606,0.0000,0.0000,0.0000,0.085004,-0.030005,150.0005,0.000000,0.000000,0.0000,0.085004,-0.030005,150.0005,0.000000,0.000000,0.0000,-0.61625,-0.07564,-0.06436,0.98157,-0.38696,-0.00643,-0.53551,-0.05594,-0.05561,0.92499,-0.52024,-0.02889,-0.30489,0.44005,-0.38475,0.46649,-59.92949,-48.10294,19.04836,-25.70544,20.43770,1.61796,-88.00045,52.06443,-49.83203,-16.12099,21.25361,8.29825,-25.00068,25.00068,2.00610,25.00068,88.000,88.000,88.000,139.000,35.000,35.000,88.000,88.000,88.000,139.000,35.000,35.000,25.000,25.000,25.000,25.000
0.0800,-0.03164,0.00143,0.72798,0.99560,0.00758,0.07502,0.05558,0.02393,0.00214,0.66526,0.68454,0.14504,0.00091,2,0.03792,0.14504,0.051101,0.32256,-52.2403,-0.0149,0,0.08500,0.03000,0.0000,0.0000,0.000000,0.000000,106.3389,91.9490,137.6138,0.0000,0.0000,0.0000,94.4560,-83.5649,150.9805,0.0000,0.0000,0.0000,0.085004,-0.030004,150.0005,0.000000,0.000000,0.0000,0.085004,-0.030004,150.0005,0.000000,0.000000,0.0000,-0.62720,-0.07854,-0.06584,0.98859,-0.38734,-0.00746,-0.54690,-0.05919,-0.05639,0.93407,-0.52107,-0.02866,-0.31881,0.45315,-0.39410,0.47890,-57.79281,-45.50970,18.43244,-24.83464,20.38965,1.75158,-88.00044,55.03270,-51.26127,-15.74021,21.20967,8.39602,-25.00067,25.00067,7.66060,25.00067,88.000,88.000,88.000,139.000,35.000,35.000,88.000,88.000,88.000,139.000,35.000,35.000,25.000,25.000,25.000,25.000
0.0820,-0.03277,0.00147,0.72697,0.99532,0.00777,0.07786,0.05673,0.02366,0.00214,0.66448,0.68454,0.15079,0.00091,2,0.03809,0.15079,0.051309,0.28259,-49.4188,-0.0152,0,0.08500,0.03000,0.0000,0.0000,0.000000,0.000000,106.5843,92.0116,137.3819,0.0000,0.0000,0.0000,94.8009,-83.4715,150.8159,0.0000,0.0000,0.0000,0.085004,-0.030004,150.0005,0.000000,0.000000,0.0000,0.085004,-0.030004,150.0005,0.000000,0.000000,0.0000,-0.63792,-0.08141,-0.06725,0.99526,-0.38764,-0.00830,-0.55803,-0.06245,-0.05712,0.94265,-0.52173,-0.02846,-0.33343,0.46509,-0.40251,0.49022,-55.40103,-45.83730,18.54069,-23.05375,20.43191,1.79187,-88.00043,54.93994,-51.86340,-15.38254,21.13035,8.40859,-25.00066,25.00066,10.19574,25.00066,88.000,88.000,88.000,139.000,35.000,35.000,88.000,88.000,88.000,139.000,35.000,35.000,25.000,25.000,25.000,25.000
0.0840,-0.03388,0.00155,0.72593,0.99503,0.00796,0.08066,0.05787,0.02339,0.00213,0.66367,0.68454,0.15650,0.00091,2,0.03818,0.15650,0.051439,0.24466,-46.5289,-0.0154,0,0.08500,0.03000,0.0000,0.0000,0.000000,0.000000,106.8123,92.0602,137.1721,0.0000,0.0000,0.0000,95.1273,-83.3656,150.6688,0.0000,0.0000,0.0000,0.085004,-0.030004,150.0004,0.000000,0.000000,0.0000,0.085004,-0.030004,150.0004,0.000000,0.000000,0.0000,-0.64833,-0.08430,-0.06856,1.00154,-0.38789,-0.00899,-0.56883,-0.06573,-0.05780,0.95075,-0.52227,-0.02829,-0.34834,0.47772,-0.40998,0.50055,-51.49095,-46.03711,18.73786,-20.84744,20.48840,1.83030,-88.00042,54.94227,-52.40508,-14.99302,21.02714,8.42694,-25.00065,25.00065,11.94972,25.00065,88.000,88.000,88.000,139.000,35.000,35.000,88.000,88.000,88.000,139.000,35.000,35.000,25.000,25.000,25.000,25.000
0.0860,-0.03496,0.00172,0.72487,0.99474,0.00832,0.08341,0.05888,0.02312,0.00212,0.66281,0.68454,0.16213,0.00091,2,0.03818,0.16213,0.051513,0.18427,-43.7549,-0.0155,0,0.08500,0.03000,0.0000,0.0000,0.000000,0.000000,107.1576,77.9509,137.0947,0.0000,0.0000,0.0000,95.4361,-83.2497,150.5398,0.0000,0.0000,0.0000,0.085010,-0.030011,150.0011,0.000000,0.000000,0.0000,0.085010,-0.030011,150.0011,0.000000,0.000000,0.0000,-0.65823,-0.08884,-0.07126,1.00733,-0.38806,-0.00959,-0.57938,-0.07015,-0.05908,0.95858,-0.52270,-0.02815,-0.36395,0.49140,-0.41633,0.51128,-43.99205,-41.13360,13.83695,-17.57694,20.63201,2.31537,-86.16459,53.70253,-53.00734,-13.80147,20.89140,8.41842,-25.00158,25.00158,25.00158,25.00158,88.000,88.000,88.000,139.000,35.000,35.000,88.000,88.000,88.000,139.000,35.000,35.000,25.000,25.000,25.000,25.000
0.0880,-0.03613,0.00180,0.72377,0.99453,0.00844,0.08642,0.05806,0.02285,0.00212,0.66192,0.68454,0.16771,0.00091,2,0.03839,0.16771,0.051639,0.25452,-39.2851,-0.0156,0,0.08500,0.03000,0.0000,0.0000,0.000000,0.000000,107.5680,71.9458,136.9733,0.0000,0.0000,0.0000,95.6081,-83.2246,150.4423,0.0000,0.0000,0.0000,0.085005,-0.030005,150.0005,0.000000,0.000000,0.0000,0.085004,-0.030005,150.0005,0.000000,0.000000,0.0000,-0.66909,-0.08733,-0.06678,1.01410,-0.38823,-0.00978,-0.59222,-0.06872,-0.05259,0.96741,-0.52612,-0.02577,-0.37876,0.50377,-0.42473,0.52347,-44.65487,-37.47155,17.15800,-13.99400,19.88318,2.43600,-88.00045,58.31735,-35.58599,-16.64893,21.97098,8.17996,-25.00070,25.00070,-25.00070,25.00070,88.000,88.000,88.000,139.000,35.000,35.000,88.000,88.000,88.000,139.000,35.000,35.000,25.000,25.000,25.000,25.000
0.0900,-0.03728,0.00186,0.72265,0.99432,0.00860,0.08937,0.05723,0.02257,0.00210,0.66101,0.68454,0.17377,0.00091,2,0.03849,0.17377,0.051695,0.21901,-44.4523,-0.0157,1,0.08500,0.03000,0.0000,0.0000,0.000000,0.000000,107.4846,90.6171,136.5282,0.0000,0.0000,0.0000,95.7759,-82.9749,150.4742,0.0000,0.0000,0.0000,0.085005,-0.030005,150.0006,0.000000,0.000000,0.0000,0.085005,-0.030005,150.0006,0.000000,0.000000,0.0000,-0.67961,-0.08589,-0.06249,1.02042,-0.38833,-0.00995,-0.60487,-0.06744,-0.04654,0.97558,-0.52698,-0.02300,-0.39251,0.51834,-0.43420,0.53534,-44.65487,-37.47155,17.15800,-13.99400,19.88318,2.43600,-88.00045,58.31735,-35.58599,-16.64893,21.97098,8.17996,-25.00070,25.00070,-25.00070,25.00070,88.000,88.000,88.000,139.000,35.000,35.000,88.000,88.000,88.000,139.000,35.000,35.000,25.000,25.000,25.000,25.000
0.0920,-0.03843,0.00191,0.72151,0.99409,0.00879,0.09227,0.05647,0.02231,0.00209,0.66008,0.68454,0.17973,0.00091,2,0.03850,0.17973,0.051680,0.18329,-41.7771,-0.0157,0,0.08500,0.03000,0.0000,0.0000,0.000000,0.000000,107.7294,71.9914,136.4611,0.0000,0.0000,0.0000,96.2016,-82.8327,150.2807,0.0000,0.0000,0.0000,0.085005,-0.030005,150.0005,0.000000,0.000000,0.0000,0.085005,-0.030005,150.0005,0.000000,0.000000,0.0000,-0.68985,-0.08461,-0.05845,1.02639,-0.38838,-0.01011,-0.61714,-0.06635,-0.04088,0.98331,-0.52770,-0.02072,-0.40520,0.53312,-0.44531,0.54906,-68.46247,-33.82356,25.35972,-21.00871,19.55494,2.33870,-88.00050,57.71629,-35.51752,-17.85826,22.26978,8.15689,-25.00076,25.00076,-25.00076,25.00076,88.000,88.000,88.000,139.000,35.000,35.000,88.000,88.000,88.000,139.000,35.000,35.000,25.000,25.000,25.000,25.000
0.0940,-0.03961,0.00193,0.72031,0.99384,0.00895,0.09527,0.05591,0.02204,0.00208,0.65910,0.68454,0.18557,0.00091,2,0.03844,0.18557,0.051685,0.19267,-38.9133,-0.0157,0,0.08500,0.03000,0.0000,0.0000,0.000000,0.000000,107.8273,69.9708,136.2575,0.0000,0.0000,0.0000,96.5881,-82.6491,150.1341,0.0000,0.0000,0.0000,0.085005,-0.030005,150.0005,0.000000,0.000000,0.0000,0.085005,-0.030005,150.0005,0.000000,0.000000,0.0000,-0.70081,-0.08351,-0.05470,1.03272,-0.38821,-0.01025,-0.62956,-0.06549,-0.03572,0.99073,-0.52828,-0.01885,-0.41811,0.54694,-0.45721,0.56179,-67.23795,-35.28503,23.08646,-19.42983,19.56519,2.41114,-88.00049,57.64255,-35.71157,-17.32008,22.16732,8.08747,-25.00075,25.00075,-25.00075,25.00075,88.000,88.000,88.000,139.000,35.000,35.000,88.000,88.000,88.000,139.000,35.000,35.000,25.000,25.000,25.000,25.000
0.0960,-0.04084,0.00194,0.71906,0.99358,0.00914,0.09832,0.05529,0.02177,0.00206,0.65809,0.68454,0.19161,0.00091,2,0.03836,0.19161,0.051619,0.15704,-39.2147,-0.0157,0,0.08500,0.03000,0.0000,0.0000,0.000000,0.000000,107.9408,67.7926,136.0588,0.0000,0.0000,0.0000,96.9424,-82.4262,150.0295,0.0000,0.0000,0.0000,0.085008,-0.021540,150.0009,0.000000,0.000000,0.0000,0.085008,-0.030009,150.0009,0.000000,0.000000,0.0000,-0.71183,-0.08240,-0.05102,1.03877,-0.38801,-0.01038,-0.64238,-0.06464,-0.03067,0.99829,-0.52862,-0.01731,-0.43172,0.56232,-0.47054,0.57596,-88.00086,-29.94310,28.63084,-24.38108,19.16101,1.21010,-88.00082,56.98576,-34.79124,-17.82461,22.41337,7.96968,-25.00127,25.00127,-25.00127,25.00127,88.000,88.000,88.000,139.000,35.000,35.000,88.000,88.000,88.000,139.000,35.000,35.000,25.000,25.000,25.000,25.000
0.0980,-0.04208,0.00196,0.71779,0.99330,0.00935,0.10152,0.05445,0.02150,0.00205,0.65704,0.68454,0.19774,0.00091,2,0.03854,0.19774,0.051482,0.12060,-36.1896,-0.0156,1,0.08500,0.03000,0.0000,0.0000,0.000000,0.000000,107.5466,93.6031,135.5468,0.0000,0.0000,0.0000,92.8896,12.9400,147.7568,0.0000,0.0000,0.0000,0.085007,0.030007,150.0007,0.000000,0.000000,0.0000,0.085007,0.030007,150.0007,0.000000,0.000000,0.0000,-0.72300,-0.08116,-0.04730,1.04442,-0.38780,-0.01052,-0.65624,-0.06372,-0.02524,1.00752,-0.52869,-0.01482,-0.44393,0.57783,-0.48195,0.58801,-88.00086,-29.94310,28.63084,-24.38108,19.16101,1.21010,-88.00082,56.98576,-34.79124,-17.82461,22.41337,7.96968,-25.00127,25.00127,-25.00127,25.00127,88.000,88.000,88.000,139.000,35.000,35.000,88.000,88.000,88.000,139.000,35.000,35.000,25.000,25.000,25.000,25.000
0.1000,-0.04329,0.00198,0.71651,0.99301,0.00950,0.10478,0.05356,0.02122,0.00203,0.65597,0.68454,0.20420,0.00091,2,0.03883,0.20420,0.051273,0.08516,-32.8396,-0.0155,0,0.08500,0.03000,0.0000,0.9068,0.000000,0.000000,109.3356,94.9283,136.1858,0.0000,0.0000,0.0000,91.7072,74.9427,147.1228,146.5255,54.7051,287.4723,0.096884,0.032808,151.0757,0.000000,0.000000,0.0000,0.096636,0.032581,150.9212,0.085122,0.030109,287.4723,-0.73406,-0.07979,-0.04378,1.04968,-0.38759,-0.01064,-0.67031,-0.06280,-0.01991,1.01726,-0.52724,-0.01069,-0.45237,0.58691,-0.49196,0.60128,-90.06157,-28.65827,43.33831,-22.01996,21.12228,-7.36354,-90.01751,-3.00604,22.67247,-19.91706,24.30770,-6.37700,-25.43228,-25.33605,-25.40586,25.33588,88.000,88.000,88.000,139.000,35.000,35.000,88.000,88.000,88.000,139.000,35.000,35.000,25.000,25.000,25.000,25.000
0.1020,-0.04438,0.00206,0.71524,0.99263,0.00985,0.10773,0.05462,0.02094,0.00200,0.65489,0.68454,0.21075,0.00091,2,0.03900,0.21075,0.051111,0.00819,-29.5582,-0.0153,1,0.08500,0.03000,0.0000,0.9064,0.000000,0.000000,107.5546,94.0984,135.1943,0.0000,0.0000,0.0000,98.5836,-82.1706,149.0948,143.4885,53.7376,281.7515,0.085000,-0.030000,150.0000,0.000000,0.000000,0.0000,0.085000,-0.030000,150.0000,0.085140,0.030095,281.7515,-0.74422,-0.08428,-0.04687,1.05478,-0.39378,-0.00943,-0.68176,-0.06781,-0.02197,1.02666,-0.53161,-0.00697,-0.45953,0.59491,-0.50105,0.61168,-90.06157,-28.65827,43.33831,-22.01996,21.12228,-7.36354,-90.01751,-3.00604,22.67247,-19.91706,24.30770,-6.37700,-25.43228,-25.33605,-25.40586,25.33588,88.000,88.000,88.000,139.000,35.000,35.000,88.000,88.000,88.000,139.000,35.000,35.000,25.000,25.000,25.000,25.000
0.1040,-0.04551,0.00206,0.71393,0.99233,0.00994,0.11072,0.05403,0.02065,0.00198,0.65380,0.68454,0.21673,0.00091,2,0.03909,0.21673,0.050893,0.08032,-24.8511,-0.0151,0,0.08500,0.03000,0.0000,0.0000,0.000000,0.000000,107.2321,88.9864,135.9725,0.0000,0.0000,0.0000,98.2610,-82.8363,148.9404,0.0000,0.0000,0.0000,0.085004,-0.030004,150.0004,0.000000,0.000000,0.0000,0.085004,-0.030004,150.0004,0.000000,0.000000,0.0000,-0.75446,-0.08292,-0.04357,1.06026,-0.39443,-0.00809,-0.69408,-0.06694,-0.01726,1.03505,-0.53016,-0.00361,-0.46945,0.60549,-0.51119,0.62334,-42.89256,-49.97321,25.77244,-7.89638,20.03519,1.35293,-88.00042,69.01972,-43.34872,-16.17516,21.55173,8.78613,-25.00066,25.00066,-0.16625,25.00066,88.000,88.000,88.000,139.000,35.000,35.000,88.000,88.000,88.000,139.000,35.000,35.000,25.000,25.000,25.000,25.000
0.1060,-0.04679,0.00200,0.71255,0.99199,0.00998,0.11402,0.05351,0.02036,0.00196,0.65267,0.68454,0.22274,0.00091,2,0.03955,0.22274,0.050815,0.14923,-29.0614,-0.0149,0,0.08500,0.03000,0.0000,0.0000,0.000000,0.000000,107.0917,93.5734,135.9266,0.0000,0.0000,0.0000,99.0289,-82.8469,148.4261,0.0000,0.0000,0.0000,0.085006,-0.030007,150.0007,0.000000,0.000000,0.0000,0.085006,-0.030007,150.0007,0.000000,0.000000,0.0000,-0.76655,-0.08142,-0.04030,1.06683,-0.39455,-0.00699,-0.70794,-0.06575,-0.01246,1.04592,-0.52940,0.00151,-0.48219,0.62032,-0.52397,0.63626,-88.00067,-41.60755,39.40004,-20.12386,19.08783,1.07946,-88.00063,67.20582,-40.41474,-17.79029,22.24306,8.51368,-3.20060,25.00099,-25.00099,25.00099,88.000,88.000,88.000,139.000,35.000,35.000,88.000,88.000,88.000,139.000,35.000,35.000,25.000,25.000,25.000,25.000
0.1080,-0.04803,0.00192,0.71123,0.99162,0.00993,0.11740,0.05307,0.02005,0.00193,0.65152,0.68454,0.22935,0.00091,2,0.03979,0.22935,0.050935,0.24127,-33.2143,-0.0148,1,0.08500,0.03000,0.0000,1.1667,0.000000,0.000000,109.4705,95.0117,137.0393,0.0000,0.0000,0.0000,93.2697,81.5327,147.0546,167.1337,0.0000,238.7624,0.101468,0.033021,151.4811,0.000000,0.000000,0.0000,0.101423,0.032674,151.2897,0.085178,0.030055,238.7624,-0.77882,-0.07992,-0.03691,1.07433,-0.39608,-0.00474,-0.72089,-0.06427,-0.00775,1.05475,-0.52764,0.00911,-0.49222,0.63111,-0.53414,0.64521,-88.00067,-41.60755,39.40004,-20.12386,19.08783,1.07946,-88.00063,67.20582,-40.41474,-17.79029,22.24306,8.51368,-3.20060,25.00099,-25.00099,25.00099,88.000,88.000,88.000,139.000,35.000,35.000,88.000,88.000,88.000,139.000,35.000,35.000,25.000,25.000,25.000,25.000
0.1100,-0.04924,0.00185,0.70991,0.99122,0.00988,0.12091,0.05262,0.01972,0.00189,0.65041,0.68454,0.23612,0.00091,2,0.04021,0.23612,0.050965,0.20464,-40.4621,-0.0149,1,0.08500,0.03000,0.0000,0.8669,0.000000,0.000000,108.9466,94.8215,136.9171,0.0000,0.0000,0.0000,93.6877,75.1973,146.9051,-227.2236,-116.2990,490.7465,0.098494,0.032852,151.2143,0.000000,0.000000,0.0000,0.098458,0.032571,151.0630,0.085198,0.030023,490.7465,-0.79115,-0.07857,-0.03378,1.08108,-0.39249,-0.00289,-0.73435,-0.06316,-0.00328,1.06463,-0.52731,0.01823,-0.49904,0.63601,-0.54112,0.64847,-88.00067,-41.60755,39.40004,-20.12386,19.08783,1.07946,-88.00063,67.20582,-40.41474,-17.79029,22.24306,8.51368,-3.20060,25.00099,-25.00099,25.00099,88.000,88.000,88.000,139.000,35.000,35.000,88.000,88.000,88.000,139.000,35.000,35.000,25.000,25.000,25.000,25.000
0.1120,-0.05047,0.00179,0.70863,0.99078,0.00983,0.12469,0.05206,0.01937,0.00185,0.64930,0.68454,0.24316,0.00091,2,0.04053,0.24316,0.051367,0.37638,-37.4157,-0.0150,1,0.08500,0.03000,0.0000,0.4325,0.000000,0.000000,110.8129,95.4305,137.1161,0.0000,0.0000,0.0000,94.8405,83.2101,147.7498,-151.3498,32.8027,596.7149,0.107750,0.033399,152.0488,0.000000,0.000000,0.0000,0.107817,0.032878,151.7886,0.085218,-0.030015,596.7149,-0.80427,-0.07744,-0.03103,1.08990,-0.39450,-0.00413,-0.74795,-0.06224,0.00085,1.07341,-0.52942,0.02482,-0.50369,0.63599,-0.54588,0.64702,-88.00067,-41.60755,39.40004,-20.12386,19.08783,1.07946,-88.00063,67.20582,-40.41474,-17.79029,22.24306,8.51368,-3.20060,25.00099,-25.00099,25.00099,88.000,88.000,88.000,139.000,35.000,35.000,88.000,88.000,88.000,139.000,35.000,35.000,25.000,25.000,25.000,25.000
0.1140,-0.05172,0.00174,0.70733,0.99030,0.00979,0.12858,0.05171,0.01900,0.00180,0.64823,0.68454,0.25072,0.00091,2,0.04108,0.25072,0.051906,0.44486,-44.7602,-0.0153,1,0.08500,0.03000,1.1667,0.0000,0.048315,0.153932,115.7313,97.7389,139.1736,110.9688,0.0000,158.5268,98.4041,97.8886,150.6257,0.0000,0.0000,0.0000,0.140786,0.034545,155.0939,0.085675,0.030042,158.5268,0.141064,0.032412,154.4267,0.000000,0.000000,0.0000,-0.81813,-0.07692,-0.02835,1.09935,-0.39614,-0.00291,-0.76179,-0.06184,0.00428,1.08352,-0.53134,0.02856,-0.50799,0.63295,-0.54849,0.64125,-88.00067,-41.60755,39.40004,-20.12386,19.08783,1.07946,-88.00063,67.20582,-40.41474,-17.79029,22.24306,8.51368,-3.20060,25.00099,-25.00099,25.00099,88.000,88.000,88.000,139.000,35.000,35.000,88.000,88.000,88.000,139.000,35.000,35.000,25.000,25.000,25.000,25.000
0.1160,-0.05299,0.00169,0.70600,0.98980,0.00976,0.13254,0.05141,0.01861,0.00174,0.64718,0.68454,0.25853,0.00091,2,0.04151,0.25853,0.052337,0.40108,-46.5419,-0.0159,1,0.08500,0.03000,0.0000,0.0000,0.000000,0.000000,117.5028,98.5296,139.7736,0.0000,0.0000,0.0000,100.0772,98.3583,151.4178,0.0000,0.0000,0.0000,0.151435,0.035307,156.1028,0.000000,0.000000,0.0000,0.151879,0.032733,155.3071,0.000000,0.000000,0.0000,-0.83214,-0.07661,-0.02589,1.10810,-0.39428,-0.00151,-0.77568,-0.06164,0.00750,1.09302,-0.52811,0.03167,-0.51188,0.62630,-0.55100,0.63273,-88.00067,-41.60755,39.40004,-20.12386,19.08783,1.07946,-88.00063,67.20582,-40.41474,-17.79029,22.24306,8.51368,-3.20060,25.00099,-25.00099,25.00099,88.000,88.000,88.000,139.000,35.000,35.000,88.000,88.000,88.000,139.000,35.000,35.000,25.000,25.000,25.000,25.000
0.1180,-0.05424,0.00165,0.70467,0.98928,0.00980,0.13647,0.05100,0.01822,0.00169,0.64609,0.68454,0.26648,0.00091,2,0.04216,0.26648,0.052840,0.38060,-46.4880,-0.0163,1,0.08500,0.03000,0.0000,0.0000,0.000000,0.000000,118.6290,98.8068,139.5596,0.0000,0.0000,0.0000,101.5256,98.5372,151.1473,0.0000,0.0000,0.0000,0.155085,0.035514,156.4661,0.000000,0.000000,0.0000,0.155647,0.032770,155.6417,0.000000,0.000000,0.0000,-0.84574,-0.07643,-0.02309,1.11722,-0.39407,0.00110,-0.78970,-0.06147,0.01064,1.10379,-0.52906,0.03170,-0.51517,0.61662,-0.55507,0.62148,-88.00067,-41.60755,39.40004,-20.12386,19.08783,1.07946,-88.00063,67.20582,-40.41474,-17.79029,22.24306,8.51368,-3.20060,25.00099,-25.00099,25.00099,88.000,88.000,88.000,139.000,35.000,35.000,88.000,88.000,88.000,139.000,35.000,35.000,25.000,25.000,25.000,25.000
0.1200,-0.05548,0.00160,0.70338,0.98877,0.00978,0.14038,0.05037,0.01782,0.00162,0.64503,0.68454,0.27439,0.00091,2,0.04238,0.27439,0.053155,0.34310,-49.3719,-0.0168,1,0.08500,0.03000,0.0000,1.1667,0.000000,0.000000,118.2212,98.2868,138.8526,0.0000,0.0000,0.0000,101.2004,98.5413,150.2101,220.3232,0.0000,314.7474,0.149478,0.034991,155.9336,0.000000,0.000000,0.0000,0.150135,0.032451,155.1911,0.085288,-0.030054,314.7474,-0.85861,-0.07581,-0.02032,1.12495,-0.38912,0.00325,-0.80291,-0.06093,0.01358,1.11147,-0.52771,0.02930,-0.51842,0.60456,-0.56004,0.60771,-88.00067,-41.60755,39.40004,-20.12386,19.08783,1.07946,-88.00063,67.20582,-40.41474,-17.79029,22.24306,8.51368,-3.20060,25.00099,-25.00099,25.00099,88.000,88.000,88.000,139.000,35.000,35.000,88.000,88.000,88.000,139.000,35.000,35.000,25.000,25.000,25.000,25.000
0.1220,-0.05681,0.00157,0.70215,0.98820,0.00984,0.14458,0.04951,0.01741,0.00156,0.64396,0.68454,0.28226,0.00091,2,0.04244,0.28226,0.053541,0.22100,-50.7266,-0.0171,1,0.08500,0.03000,0.0000,0.5501,0.000000,0.000000,118.5134,97.9688,137.6932,0.0000,0.0000,0.0000,101.0931,96.8411,149.1078,-184.5998,0.7662,559.2803,0.144619,0.034777,155.4937,0.000000,0.000000,0.0000,0.145151,0.032723,154.7967,0.085303,-0.030036,559.2803,-0.87169,-0.07516,-0.01760,1.13262,-0.39002,0.00326,-0.81689,-0.06059,0.01634,1.11776,-0.52560,0.02550,-0.52224,0.59395,-0.56749,0.59596,-88.00067,-41.60755,39.40004,-20.12386,19.08783,1.07946,-88.00063,67.20582,-40.41474,-17.79029,22.24306,8.51368,-3.20060,25.00099,-25.00099,25.00099,88.000,88.000,88.000,139.000,35.000,35.000,88.000,88.000,88.000,139.000,35.000,35.000,25.000,25.000,25.000,25.000
0.1240,-0.05818,0.00160,0.70096,0.98760,0.01001,0.14888,0.04880,0.01696,0.00150,0.64293,0.68454,0.29072,0.00091,2,0.04288,0.29072,0.053979,0.39142,-41.8129,-0.0175,1,0.08500,0.03000,0.9275,0.0000,0.040899,0.151699,121.8975,99.4261,138.7977,-217.0333,69.7067,409.6285,104.0662,100.9032,149.8069,0.0000,0.0000,0.0000,0.164763,0.035916,157.4357,0.085768,0.030027,409.6285,0.162366,0.032767,156.4309,0.000000,0.000000,0.0000,-0.88476,-0.07522,-0.01535,1.14010,-0.39286,0.00190,-0.83123,-0.06122,0.01871,1.12608,-0.52819,0.02598,-0.52732,0.58235,-0.57545,0.58196,10.78582,3.38395,0.65244,-12.00821,0.38038,2.13901,10.78971,3.64764,0.14256,-12.88563,3.24173,0.20000,8.74264,0.09990,14.75009,0.04948,88.000,88.000,88.000,139.000,35.000,35.000,88.000,88.000,88.000,139.000,35.000,35.000,25.000,25.000,25.000,25.000
0.1260,-0.05958,0.00165,0.69976,0.98697,0.01019,0.15319,0.04821,0.01648,0.00145,0.64195,0.68454,0.29942,0.00091,2,0.04320,0.29942,0.054554,0.46259,-55.3649,-0.0179,1,0.08500,0.03000,1.1667,0.0000,0.039269,0.151199,124.1543,100.6931,139.5707,112.9218,0.0000,161.3169,106.1084,101.8204,150.7176,0.0000,0.0000,0.0000,0.177480,0.036909,158.8043,0.085797,0.030038,161.3169,0.171828,0.033222,157.5645,0.000000,0.000000,0.0000,-0.89830,-0.07570,-0.01311,1.14827,-0.39335,0.00277,-0.84563,-0.06221,0.02077,1.13369,-0.52819,0.02700,-0.53429,0.57019,-0.58535,0.57052,10.93946,3.95598,1.13513,-13.96716,2.19335,4.23614,10.94169,4.35971,0.68632,-14.21624,5.35633,1.87010,12.17126,0.26719,15.11868,0.25345,88.000,88.000,88.000,139.000,35.000,35.000,88.000,88.000,88.000,139.000,35.000,35.000,25.000,25.000,25.000,25.000
0.1280,-0.06099,0.00170,0.69852,0.98632,0.01039,0.15749,0.04765,0.01601,0.00139,0.64097,0.68454,0.30815,0.00091,2,0.04344,0.30815,0.055033,0.42135,-60.5502,-0.0185,1,0.08500,0.03000,0.0000,0.0000,0.000000,0.000000,125.5955,101.1009,139.6242,0.0000,0.0000,0.0000,107.3945,102.1935,150.9351,0.0000,0.0000,0.0000,0.181239,0.037353,159.4070,0.000000,0.000000,0.0000,0.176410,0.033433,158.1005,0.000000,0.000000,0.0000,-0.91171,-0.07630,-0.01093,1.15584,-0.38887,0.00349,-0.85985,-0.06332,0.02275,1.14092,-0.52816,0.02785,-0.54260,0.55939,-0.59537,0.55651,11.09656,4.31940,1.00107,-14.66184,-1.99689,2.58982,11.09229,4.65042,0.85777,-14.32283,5.32009,2.05774,13.08915,0.44327,16.74805,0.41989,88.000,88.000,88.000,139.000,35.000,35.000,88.000,88.000,88.000,139.000,35.000,35.000,25.000,25.000,25.000,25.000
0.1300,-0.06242,0.00177,0.69727,0.98564,0.01061,0.16177,0.04722,0.01553,0.00133,0.63996,0.68454,0.31686,0.00091,2,0.04360,0.31686,0.055664,0.48677,-59.1910,-0.0190,1,0.08500,0.03000,0.0000,0.0000,0.000000,0.000000,126.6835,101.1233,138.6810,0.0000,0.0000,0.0000,107.7420,102.1883,150.6893,0.0000,0.0000,0.0000,0.181544,0.037334,159.4487,0.000000,0.000000,0.0000,0.176227,0.033435,158.1082,0.000000,0.000000,0.0000,-0.92542,-0.07730,-0.00875,1.16429,-0.38813,0.00623,-0.87388,-0.06472,0.02457,1.14772,-0.52811,0.02854,-0.55134,0.54752,-0.60693,0.54495,11.25235,4.39397,0.96857,-14.49514,-1.37062,2.73057,11.24164,4.73235,0.81661,-14.28564,5.30187,2.22049,13.68975,0.59944,16.89544,0.62393,88.000,88.000,88.000,139.000,35.000,35.000,88.000,88.000,88.000,139.000,35.000,35.000,25.000,25.000,25.000,25.000
0.1320,-0.06384,0.00183,0.69599,0.98494,0.01082,0.16605,0.04690,0.01505,0.00126,0.63893,0.68454,0.32556,0.00091,2,0.04367,0.32556,0.056192,0.44430,-62.7088,-0.0196,1,0.08500,0.03000,0.0000,0.0000,0.000000,0.000000,127.7902,101.0089,138.4771,0.0000,0.0000,0.0000,108.4278,102.3608,150.6391,0.0000,0.0000,0.0000,0.182921,0.037549,159.7201,0.000000,0.000000,0.0000,0.178085,0.033553,158.3298,0.000000,0.000000,0.0000,-0.93916,-0.07844,-0.00679,1.17211,-0.38434,0.00894,-0.88769,-0.06621,0.02623,1.15410,-0.52805,0.02912,-0.56126,0.53543,-0.61756,0.53186,11.41066,4.93937,1.00966,-14.87616,-1.29869,0.26050,11.38992,5.13121,0.98473,-13.96217,5.27949,2.34670,15.76338,0.77174,17.06085,0.79185,88.000,88.000,88.000,139.000,35.000,35.000,88.000,88.000,88.000,139.000,35.000,35.000,25.000,25.000,25.000,25.000
0.1340,-0.06527,0.00188,0.69470,0.98422,0.01103,0.17032,0.04675,0.01458,0.00119,0.63787,0.68454,0.33425,0.00091,2,0.04367,0.33425,0.056873,0.51056,-62.3642,-0.0201,1,0.08500,0.03000,0.0000,0.0000,0.000000,0.000000,128.9101,100.7592,137.8311,0.0000,0.0000,0.0000,108.7713,102.4180,150.4425,0.0000,0.0000,0.0000,0.183382,0.037633,159.8134,0.000000,0.000000,0.0000,0.178356,0.033613,158.3725,0.000000,0.000000,0.0000,-0.95319,-0.07988,-0.00487,1.18082,-0.38407,0.01336,-0.90122,-0.06791,0.02770,1.16005,-0.52799,0.02960,-0.57223,0.52318,-0.62847,0.51939,11.56740,4.90497,1.09286,-14.95202,-0.77664,0.75556,11.53729,5.09275,1.05979,-13.62683,5.26956,2.45872,15.94401,0.94718,17.21507,0.98233,88.000,88.000,88.000,139.000,35.000,35.000,88.000,88.000,88.000,139.000,35.000,35.000,25.000,25.000,25.000,25.000
0.1360,-0.06669,0.00193,0.69339,0.98347,0.01125,0.17461,0.04657,0.01410,0.00112,0.63681,0.68454,0.34292,0.00091,2,0.04384,0.34292,0.057450,0.46697,-64.5284,-0.0208,1,0.08500,0.03000,0.0000,0.0000,0.000000,0.000000,129.6911,100.2693,137.7208,0.0000,0.0000,0.0000,109.0982,102.5043,150.2688,0.0000,0.0000,0.0000,0.183564,0.037764,159.9146,0.000000,0.000000,0.0000,0.178860,0.033698,158.4274,0.000000,0.000000,0.0000,-0.96720,-0.08137,-0.00312,1.18882,-0.38066,0.01182,-0.91490,-0.06957,0.02958,1.16701,-0.52765,0.03126,-0.58204,0.50954,-0.64036,0.50677,11.72655,5.39372,1.16348,-15.09914,-0.92080,-1.44885,11.68343,5.44485,1.24707,-13.27897,5.26783,2.54351,16.69807,1.12496,17.37386,1.16439,88.000,88.000,88.000,139.000,35.000,35.000,88.000,88.000,88.000,139.000,35.000,35.000,25.000,25.000,25.000,25.000
0.1380,-0.06812,0.00200,0.69207,0.98271,0.01145,0.17889,0.04628,0.01362,0.00104,0.63573,0.68454,0.35164,0.00091,2,0.04435,0.35164,0.057943,0.42409,-65.0676,-0.0213,1,0.08500,0.03000,0.0000,1.1667,0.000000,0.000000,131.9529,101.2093,137.2601,0.0000,0.0000,0.0000,110.7114,102.9347,150.5978,187.0581,0.0000,267.2258,0.189866,0.038510,160.7885,0.000000,0.000000,0.0000,0.183711,0.034068,159.1141,0.085370,0.030009,267.2258,-0.98097,-0.08269,-0.00137,1.19637,-0.37772,0.01053,-0.92886,-0.07131,0.03117,1.17582,-0.52712,0.03081,-0.59303,0.49755,-0.65141,0.49291,11.88467,5.24694,1.00680,-15.20770,-0.45349,-1.71408,11.83428,5.30837,0.74507,-14.19326,-0.43462,1.38299,16.84204,1.32331,17.54376,1.34852,88.000,88.000,88.000,139.000,35.000,35.000,88.000,88.000,88.000,139.000,35.000,35.000,25.000,25.000,25.000,25.000
0.1400,-0.06955,0.00207,0.69081,0.98192,0.01169,0.18322,0.04605,0.01313,0.00096,0.63465,0.68454,0.36035,0.00091,2,0.04498,0.36035,0.058215,0.06706,-63.2317,-0.0218,1,0.08500,0.03000,0.0000,1.1667,0.000000,0.000000,132.8211,101.5289,136.3435,0.0000,0.0000,0.0000,111.5295,103.1898,149.9858,186.2334,0.0000,266.0478,0.190605,0.038629,160.8655,0.000000,0.000000,0.0000,0.183655,0.034213,159.1877,0.085389,0.030018,266.0478,-0.99431,-0.08401,0.00003,1.20222,-0.37774,0.01306,-0.94315,-0.07335,0.03294,1.18488,-0.52686,0.03294,-0.60408,0.48641,-0.66239,0.48017,12.04138,4.94201,0.87711,-14.90924,-0.03737,-1.93238,11.99201,5.29980,0.96961,-14.91177,2.42496,2.68424,16.99982,1.49764,17.70451,1.55122,88.000,88.000,88.000,139.000,35.000,35.000,88.000,88.000,88.000,139.000,35.000,35.000,25.000,25.000,25.000,25.000
0.1420,-0.07098,0.00213,0.68959,0.98110,0.01194,0.18760,0.04583,0.01263,0.00089,0.63360,0.68454,0.36917,0.00091,2,0.04582,0.36917,0.057931,0.03688,-36.1683,-0.0221,1,0.08500,0.03000,0.0000,1.1667,0.000000,0.000000,131.8777,100.6485,135.8116,0.0000,0.0000,0.0000,111.3356,101.1628,149.0690,180.1492,0.0000,257.3560,0.185408,0.038264,160.1104,0.000000,0.000000,0.0000,0.177323,0.034425,158.6085,0.085416,0.030017,257.3560,-1.00690,-0.08528,0.00141,1.20444,-0.37225,0.01517,-0.95773,-0.07523,0.03437,1.19484,-0.52594,0.03274,-0.61606,0.47702,-0.67303,0.46605,12.19312,5.27514,1.16685,-9.85821,-3.36905,-5.62407,12.15258,6.01328,0.76788,-15.03405,2.56743,0.20109,16.77825,1.65978,17.86475,1.73770,88.000,88.000,88.000,139.000,35.000,35.000,88.000,88.000,88.000,139.000,35.000,35.000,25.000,25.000,25.000,25.000
0.1440,-0.07242,0.00220,0.68835,0.98027,0.01211,0.19204,0.04532,0.01213,0.00082,0.63255,0.68454,0.37811,0.00091,2,0.04656,0.37811,0.057970,0.18188,-33.1842,-0.0218,1,0.08500,0.03000,0.0000,0.0000,0.000000,0.000000,133.0081,100.4881,135.5996,0.0000,0.0000,0.0000,112.8389,103.0076,148.6459,0.0000,0.0000,0.0000,0.187327,0.038462,160.4141,0.000000,0.000000,0.0000,0.180147,0.034459,159.0230,0.000000,0.000000,0.0000,-1.02005,-0.08584,0.00250,1.20886,-0.37388,0.01907,-0.97243,-0.07648,0.03596,1.20392,-0.52018,0.03257,-0.62948,0.46543,-0.68205,0.45044,12.33460,5.02871,1.21622,-9.73023,-2.56004,-5.23816,12.31800,5.49834,0.85630,-15.16691,-1.01939,-3.33706,17.33152,1.79616,18.02334,1.94493,88.000,88.000,88.000,139.000,35.000,35.000,88.000,88.000,88.000,139.000,35.000,35.000,25.000,25.000,25.000,25.000
0.1460,-0.07386,0.00226,0.68720,0.97944,0.01206,0.19648,0.04401,0.01162,0.00076,0.63150,0.68454,0.38719,0.00091,2,0.04700,0.38719,0.058278,0.31617,-43.9253,-0.0218,1,0.08500,0.03000,1.1667,0.0000,0.024070,0.085600,134.4348,100.3752,136.6889,160.7111,0.0000,229.5873,116.2014,103.9320,148.3296,0.0000,0.0000,0.0000,0.193423,0.039215,161.2711,0.085965,-0.029994,229.5873,0.188184,0.035071,160.1404,0.000000,0.000000,0.0000,-1.03339,-0.08460,0.00361,1.21493,-0.37904,0.02372,-0.98616,-0.07586,0.03794,1.21037,-0.51932,0.03618,-0.64335,0.45320,-0.69078,0.43625,12.48433,3.61685,1.13654,-11.85495,1.64669,-6.27249,12.48333,4.19033,0.36145,-15.28881,-0.44726,-3.32851,17.52047,1.96490,18.06074,2.17438,88.000,88.000,88.000,139.000,35.000,35.000,88.000,88.000,88.000,139.000,35.000,35.000,25.000,25.000,25.000,25.000
0.1480,-0.07532,0.00234,0.68609,0.97860,0.01190,0.20108,0.04197,0.01109,0.00072,0.63051,0.68454,0.39626,0.00091,2,0.04734,0.39626,0.058482,0.27734,-55.2591,-0.0221,1,0.08500,0.03000,0.0000,0.8271,0.000000,0.000000,131.4990,98.2904,136.4352,0.0000,0.0000,0.0000,113.9299,102.1584,146.8816,-174.7525,-151.2308,465.6904,0.182160,0.037708,159.6062,0.000000,0.000000,0.0000,0.174436,0.034187,158.4852,0.085501,0.030020,465.6904,-1.04684,-0.08208,0.00510,1.22032,-0.38101,0.02695,-1.00026,-0.07386,0.04033,1.21556,-0.51678,0.04261,-0.65709,0.44102,-0.70050,0.42378,12.63860,1.51427,1.20853,-13.36123,5.08495,-7.07164,12.63836,2.07765,-0.07186,-10.52824,1.71342,-7.79574,17.71440,2.14356,17.32914,2.38289,88.000,88.000,88.000,139.000,35.000,35.000,88.000,88.000,88.000,139.000,35.000,35.000,25.000,25.000,25.000,25.000
0.1500,-0.07677,0.00244,0.68495,0.97775,0.01168,0.20566,0.03955,0.01056,0.00067,0.62952,0.68454,0.40561,0.00091,2,0.04760,0.40561,0.058604,0.23208,-52.0107,-0.0223,1,0.08500,0.03000,0.0000,0.0000,0.000000,0.000000,134.3539,98.6472,137.9656,0.0000,0.0000,0.0000,118.4538,102.6804,148.8612,0.0000,0.0000,0.0000,0.193841,0.038751,161.2518,0.000000,0.000000,0.0000,0.191073,0.034709,160.6976,0.000000,0.000000,0.0000,-1.05999,-0.07893,0.00659,1.22557,-0.38279,0.02961,-1.01431,-0.07122,0.04276,1.22006,-0.50969,0.04794,-0.67089,0.42808,-0.70919,0.40970,12.79518,1.20690,0.98775,-13.02064,4.74562,-6.47355,12.79294,1.59957,-0.26226,-13.09066,-2.69683,-9.79691,17.90918,2.32195,18.44924,2.56616,88.000,88.000,88.000,139.000,35.000,35.000,88.000,88.000,88.000,139.000,35.000,35.000,25.000,25.000,25.000,25.000
0.1520,-0.07818,0.00257,0.68382,0.97690,0.01137,0.21023,0.03662,0.01002,0.00063,0.62850,0.68454,0.41495,0.00091,2,0.04813,0.41495,0.058644,0.19451,-48.8786,-0.0224,1,0.08500,0.03000,0.0000,0.0000,0.000000,0.000000,134.5197,97.8980,138.2525,0.0000,0.0000,0.0000,120.7790,102.1603,148.9363,0.0000,0.0000,0.0000,0.194383,0.038357,161.2338,0.000000,0.000000,0.0000,0.195140,0.034418,161.3187,0.000000,0.000000,0.0000,-1.07274,-0.07498,0.00812,1.23063,-0.38441,0.03181,-1.02867,-0.06752,0.04520,1.22586,-0.50866,0.05389,-0.68398,0.41539,-0.71629,0.39731,12.95120,-0.16953,0.70598,-13.14483,4.69535,-5.96205,12.94568,0.17191,-0.63947,-12.47878,-1.86697,-8.79419,18.10474,2.51183,16.98562,2.77345,88.000,88.000,88.000,139.000,35.000,35.000,88.000,88.000,88.000,139.000,35.000,35.000,25.000,25.000,25.000,25.000
0.1540,-0.07960,0.00271,0.68268,0.97601,0.01104,0.21481,0.03362,0.00948,0.00059,0.62747,0.68454,0.42424,0.00091,2,0.04887,0.42424,0.058612,0.15833,-46.2405,-0.0225,1,0.08500,0.03000,0.0000,1.1667,0.000000,0.000000,134.3905,97.0136,138.2889,0.0000,0.0000,0.0000,122.1656,101.3223,149.6026,211.2818,0.0000,301.8312,0.192813,0.037725,160.9882,0.000000,0.000000,0.0000,0.199014,0.033838,161.7920,0.085534,-0.030054,301.8312,-1.08533,-0.07097,0.00946,1.23533,-0.38577,0.03363,-1.04347,-0.06365,0.04746,1.23263,-0.50959,0.05580,-0.69703,0.40349,-0.72209,0.38425,13.10607,-0.35883,0.82839,-12.80549,4.45303,-5.55762,13.10061,-0.31109,-0.61106,-13.77110,2.13945,-8.59280,18.29325,2.69842,16.39132,2.95522,88.000,88.000,88.000,139.000,35.000,35.000,88.000,88.000,88.000,139.000,35.000,35.000,25.000,25.000,25.000,25.000
0.1560,-0.08099,0.00286,0.68153,0.97511,0.01067,0.21938,0.03036,0.00894,0.00056,0.62645,0.68454,0.43355,0.00091,2,0.04950,0.43355,0.058505,0.11875,-43.5204,-0.0224,1,0.08500,0.03000,0.0000,0.0000,0.000000,0.000000,134.5185,96.2753,138.3833,0.0000,0.0000,0.0000,123.2406,101.0686,150.0362,0.0000,0.0000,0.0000,0.192226,0.037204,160.8892,0.000000,0.000000,0.0000,0.202599,0.033241,162.2300,0.000000,0.000000,0.0000,-1.09763,-0.06654,0.01074,1.23982,-0.38700,0.03512,-1.05831,-0.05930,0.04980,1.23864,-0.50853,0.05662,-0.71034,0.39262,-0.72643,0.36976,13.26034,-0.51725,0.96844,-12.48917,4.23242,-5.22231,13.25902,-0.58903,-0.48346,-14.82870,3.93780,-4.79452,18.48261,2.87389,15.92373,3.14675,88.000,88.000,88.000,139.000,35.000,35.000,88.000,88.000,88.000,139.000,35.000,35.000,25.000,25.000,25.000,25.000
0.1580,-0.08236,0.00301,0.68036,0.97419,0.01026,0.22390,0.02693,0.00840,0.00053,0.62540,0.68454,0.44280,0.00091,2,0.05006,0.44280,0.058325,0.08452,-40.6242,-0.0223,1,0.08500,0.03000,0.0000,0.0000,0.000000,0.000000,134.4224,95.4571,138.3182,0.0000,0.0000,0.0000,123.9697,100.7775,149.9794,0.0000,0.0000,0.0000,0.191079,0.036541,160.6362,0.000000,0.000000,0.0000,0.203410,0.032516,162.3770,0.000000,0.000000,0.0000,-1.10962,-0.06181,0.01189,1.24417,-0.38809,0.03635,-1.07284,-0.05466,0.05196,1.24414,-0.50759,0.05728,-0.72297,0.38019,-0.73027,0.35559,13.41357,-1.37868,0.85656,-12.49881,4.18979,-4.92980,13.41450,-1.46325,-0.62706,-14.28998,3.95903,-4.61612,18.67604,3.03417,13.59672,3.35965,88.000,88.000,88.000,139.000,35.000,35.000,88.000,88.000,88.000,139.000,35.000,35.000,25.000,25.000,25.000,25.000
0.1600,-0.08377,0.00317,0.67922,0.97317,0.00994,0.22862,0.02403,0.00787,0.00049,0.62431,0.68454,0.45195,0.00091,2,0.05053,0.45195,0.058230,-0.07411,-37.9249,-0.0221,1,0.08500,0.03000,0.0000,0.0000,0.000000,0.000000,134.4581,94.7168,138.2416,0.0000,0.0000,0.0000,123.6049,100.0960,149.4791,0.0000,0.0000,0.0000,0.189899,0.035925,160.4361,0.000000,0.000000,0.0000,0.199925,0.031822,161.9228,0.000000,0.000000,0.0000,-1.12246,-0.05826,0.01227,1.24836,-0.39178,0.03445,-1.08742,-0.05117,0.05359,1.24904,-0.50679,0.05784,-0.73553,0.36763,-0.73362,0.34218,13.56506,-1.17385,1.13588,-12.26284,3.99841,-4.70669,13.56707,-1.22159,-0.28310,-14.01353,4.12906,-4.49183,18.86141,3.21785,13.28929,3.56843,88.000,88.000,88.000,139.000,35.000,35.000,88.000,88.000,88.000,139.000,35.000,35.000,25.000,25.000,25.000,25.000
0.1620,-0.08517,0.00336,0.67812,0.97211,0.00972,0.23338,0.02099,0.00732,0.00047,0.62322,0.68454,0.46149,0.00091,2,0.05091,0.46149,0.057694,-0.09537,-24.6456,-0.0220,1,0.08500,0.03000,0.0000,0.0000,0.000000,0.000000,134.9433,94.7451,138.6834,0.0000,0.0000,0.0000,124.9357,100.0976,149.8238,0.0000,0.0000,0.0000,0.191135,0.035727,160.7671,0.000000,0.000000,0.0000,0.203911,0.031340,162.4747,0.000000,0.000000,0.0000,-1.13453,-0.05482,0.01286,1.24971,-0.39226,0.03150,-1.10185,-0.04778,0.05526,1.25321,-0.50603,0.05829,-0.74784,0.35552,-0.73736,0.32739,13.72200,0.63542,1.71702,-9.21113,3.47749,-0.13197,13.72482,0.52326,0.19888,-13.26029,4.27016,-4.41315,19.04770,3.40394,12.87406,3.76609,88.000,88.000,88.000,139.000,35.000,35.000,88.000,88.000,88.000,139.000,35.000,35.000,25.000,25.000,25.000,25.000
0.1640,-0.08661,0.00353,0.67700,0.97101,0.00943,0.23818,0.01791,0.00676,0.00044,0.62211,0.68454,0.47109,0.00091,2,0.05113,0.47109,0.057644,0.14032,-22.4332,-0.0215,1,0.08500,0.03000,0.0000,0.0000,0.000000,0.000000,134.5499,94.5389,138.4363,0.0000,0.0000,0.0000,125.7441,99.8716,149.9944,0.0000,0.0000,0.0000,0.189968,0.035163,160.4998,0.000000,0.000000,0.0000,0.205447,0.030681,162.7474,0.000000,0.000000,0.0000,-1.14787,-0.05114,0.01287,1.25392,-0.39565,0.02690,-1.11591,-0.04414,0.05672,1.25641,-0.50547,0.05867,-0.76021,0.34354,-0.74205,0.31361,13.87089,-0.80975,1.44543,-9.61086,3.59437,-0.63161,13.88167,-0.95677,-0.12729,-12.61295,4.16769,-4.29273,19.23225,3.58374,13.17176,3.98489,88.000,88.000,88.000,139.000,35.000,35.000,88.000,88.000,88.000,139.000,35.000,35.000,25.000,25.000,25.000,25.000
0.1660,-0.08807,0.00374,0.67584,0.96986,0.00913,0.24307,0.01446,0.00619,0.00042,0.62100,0.68454,0.48077,0.00091,2,0.05138,0.48077,0.057502,0.10078,-39.0870,-0.0214,1,0.08500,0.03000,0.0000,0.0000,0.000000,0.000000,136.7113,95.6222,139.3502,0.0000,0.0000,0.0000,124.5615,99.0774,149.3932,0.0000,0.0000,0.0000,0.199172,0.035578,161.8353,0.000000,0.000000,0.0000,0.198983,0.030767,161.9492,0.000000,0.000000,0.0000,-1.16140,-0.04691,0.01320,1.25777,-0.39591,0.02817,-1.13057,-0.04009,0.05818,1.25962,-0.50471,0.05896,-0.77293,0.33211,-0.74724,0.29877,14.03098,-0.16031,2.20859,-11.98788,3.30462,1.61238,14.03693,-0.25884,0.35003,-11.43337,4.70228,-4.25083,19.41796,3.76206,14.77744,4.18907,88.000,88.000,88.000,139.000,35.000,35.000,88.000,88.000,88.000,139.000,35.000,35.000,25.000,25.000,25.000,25.000
0.1680,-0.08952,0.00397,0.67467,0.96868,0.00881,0.24792,0.01076,0.00563,0.00040,0.61985,0.68454,0.49053,0.00091,2,0.05157,0.49053,0.057766,0.29829,-35.2883,-0.0213,1,0.08500,0.03000,0.0000,0.0000,0.000000,0.000000,139.2204,95.5966,140.3982,0.0000,0.0000,0.0000,131.3862,-23.0820,149.2810,0.0000,0.0000,0.0000,0.209034,0.035556,163.1135,0.000000,0.000000,0.0000,0.212092,-0.030018,163.7865,0.000000,0.000000,0.0000,-1.17507,-0.04245,0.01326,1.26418,-0.39932,0.02642,-1.14505,-0.03575,0.05955,1.26232,-0.50400,0.05919,-0.78536,0.31914,-0.75316,0.28497,14.19272,-1.66928,1.83690,-12.19491,3.43055,1.87376,14.19430,-1.71547,0.01146,-11.75989,4.14960,-4.14290,19.60883,3.71188,14.60867,4.40960,88.000,88.000,88.000,139.000,35.000,35.000,88.000,88.000,88.000,139.000,35.000,35.000,25.000,25.000,25.000,25.000
0.1700,-0.09097,0.00418,0.67348,0.96748,0.00851,0.25271,0.00723,0.00505,0.00038,0.61870,0.68454,0.50019,0.00091,2,0.05169,0.50019,0.057941,0.26087,-50.8401,-0.0215,1,0.08500,0.03000,0.0000,0.0000,0.000000,0.000000,141.4718,95.9556,141.1931,0.0000,0.0000,0.0000,131.5991,-47.3624,149.0364,0.0000,0.0000,0.0000,0.217285,0.035535,164.2775,0.000000,0.000000,0.0000,0.211316,-0.030295,163.7083,0.000000,0.000000,0.0000,-1.18858,-0.03823,0.01311,1.27004,-0.39735,0.02497,-1.15917,-0.03173,0.06062,1.26481,-0.50342,0.05938,-0.79775,0.30749,-0.76098,0.27243,14.36295,-1.12275,2.29821,-14.33418,0.93809,4.75564,14.34931,-1.20564,0.33246,-11.51079,4.30101,-4.10417,19.79771,4.12584,14.88874,4.61484,88.000,88.000,88.000,139.000,35.000,35.000,88.000,88.000,88.000,139.000,35.000,35.000,25.000,25.000,25.000,25.000
0.1720,-0.09244,0.00442,0.67232,0.96623,0.00837,0.25752,0.00411,0.00447,0.00036,0.61751,0.68454,0.50970,0.00091,2,0.05175,0.50970,0.057908,-0.14910,-48.5494,-0.0217,1,0.08500,0.03000,0.0000,0.0000,0.000000,0.000000,142.0441,95.3584,140.3852,0.0000,0.0000,0.0000,130.5147,-42.5539,148.9731,0.0000,0.0000,0.0000,0.216318,0.034829,164.0709,0.000000,0.000000,0.0000,0.208307,-0.030439,163.3473,0.000000,0.000000,0.0000,-1.20164,-0.03506,0.01262,1.27421,-0.39778,0.02107,-1.17306,-0.02878,0.06143,1.26694,-0.50296,0.05955,-0.81064,0.29714,-0.77144,0.26425,14.53076,-1.00311,2.39076,-14.05077,1.19283,4.49998,14.50224,-1.02620,0.50061,-11.36454,4.42587,-4.06577,19.98536,4.29983,18.46369,4.80179,88.000,88.000,88.000,139.000,35.000,35.000,88.000,88.000,88.000,139.000,35.000,35.000,25.000,25.000,25.000,25.000
0.1740,-0.09393,0.00470,0.67119,0.96493,0.00825,0.26238,0.00088,0.00388,0.00034,0.61632,0.68454,0.51921,0.00091,2,0.05175,0.51921,0.057484,-0.04789,-17.3765,-0.0216,1,0.08500,0.03000,0.9680,0.0000,0.007742,0.085312,139.6225,94.1695,138.7983,-212.7459,50.8852,376.6159,129.9531,-38.0600,149.1816,0.0000,0.0000,0.0000,0.203936,0.033497,162.3647,0.085966,-0.030032,376.6159,0.207505,-0.030407,163.2949,0.000000,0.000000,0.0000,-1.21403,-0.03194,0.01209,1.27616,-0.40179,0.01624,-1.18691,-0.02588,0.06216,1.26845,-0.50246,0.05968,-0.82373,0.28439,-0.78292,0.26204,14.69322,0.55530,2.66450,-8.32338,-2.84947,6.86438,14.65551,0.60311,0.75289,-10.89630,4.50525,-4.05416,20.18030,4.45465,19.59835,1.17496,88.000,88.000,88.000,139.000,35.000,35.000,88.000,88.000,88.000,139.000,35.000,35.000,25.000,25.000,25.000,25.000
0.1760,-0.09541,0.00499,0.67005,0.96362,0.00810,0.26715,-0.00268,0.00328,0.00033,0.61512,0.68454,0.52877,0.00091,2,0.05170,0.52877,0.056981,-0.07683,-24.5021,-0.0212,1,0.08500,0.03000,0.0000,0.0000,0.000000,0.000000,140.4973,94.6403,139.4401,0.0000,0.0000,0.0000,130.0439,-29.8816,149.8126,0.0000,0.0000,0.0000,0.209328,0.033286,163.0181,0.000000,0.000000,0.0000,0.209173,-0.030566,163.6430,0.000000,0.000000,0.0000,-1.22613,-0.02825,0.01166,1.27788,-0.40195,0.01183,-1.20047,-0.02248,0.06287,1.26954,-0.50198,0.05979,-0.83590,0.27224,-0.79558,0.26433,14.84871,-0.75355,2.58739,-10.29661,3.33086,8.29737,14.80852,-0.74477,0.67520,-10.22716,4.36650,-4.00708,20.37811,4.64508,19.75562,-4.09908,88.000,88.000,88.000,139.000,35.000,35.000,88.000,88.000,88.000,139.000,35.000,35.000,25.000,25.000,25.000,25.000
