rev,vy,first_swing,steps,achieved_pct,trunk_z,tilt,dcm,cop,ankle,degraded,selfcol_ticks,selfcol_peak,fell_t,mass,survived,cond,MOM,KP_MOM,MOM_LEVEL
v6,+0.022,1,5,0,0.458,0.537,99.7,1.00,134,4,92,400.0,4.375,6.338,FELL,off,,,
v6,-0.022,0,5,-0,0.459,0.531,110.8,1.00,125,4,91,353.5,4.385,6.338,FELL,off,,,
v6,+0.026,1,4,0,0.442,0.536,282.5,1.00,189,2,80,365.8,3.985,6.338,FELL,off,,,
v6,+0.026,0,6,0,0.432,0.523,269.8,1.01,175,3,105,392.9,4.995,6.338,FELL,off,,,
v6,-0.026,0,4,-0,0.436,0.536,206.7,1.00,138,4,79,366.0,3.960,6.338,FELL,off,,,
v6,-0.026,1,6,-0,0.418,0.524,339.7,1.00,175,3,107,392.9,5.035,6.338,FELL,off,,,
v6,+0.018,1,40,90,0.465,0.277,30.3,1.00,118,8,494,29.8,,6.338,SURVIVED,off,,,
v6,-0.018,0,40,89,0.465,0.268,15.1,1.00,117,7,500,29.5,,6.338,SURVIVED,off,,,
v6,-0.018,1,40,105,0.476,0.005,11.5,1.00,62,14,463,21.8,,6.338,SURVIVED,off,,,
v6,+0.022,0,40,104,0.476,0.005,11.7,1.00,63,5,483,21.4,,6.338,SURVIVED,off,,,
v6,-0.022,1,40,104,0.476,0.005,11.7,1.00,63,9,482,20.8,,6.338,SURVIVED,off,,,
v6,+0.018,0,40,105,0.476,0.005,11.5,1.00,63,5,461,21.8,,6.338,SURVIVED,off,,,
v6,+0.036,1,5,0,0.432,0.526,261.6,1.00,202,0,92,422.4,4.440,6.338,FELL,off,,,
v6,-0.036,0,5,-0,0.428,0.529,257.5,1.00,206,4,100,420.8,4.470,6.338,FELL,off,,,
v6,+0.045,0,4,0,0.458,0.537,105.1,1.00,145,2,75,398.2,3.820,6.338,FELL,off,,,
v6,+0.045,1,5,0,0.439,0.537,180.8,1.00,202,5,113,478.0,4.385,6.338,FELL,off,,,
v6,+0.030,0,40,102,0.476,0.006,11.8,1.00,63,8,542,20.4,,6.338,SURVIVED,off,,,
v6,-0.045,1,4,-0,0.445,0.529,197.9,1.00,173,0,76,401.2,3.870,6.338,FELL,off,,,
v6,+0.030,1,40,93,0.465,0.263,11.9,1.00,114,10,574,25.3,,6.338,SURVIVED,off,,,
v6,-0.045,0,9,320,0.454,0.535,122.3,1.01,148,3,178,707.0,6.610,6.338,FELL,off,,,
v6,+0.055,1,5,0,0.436,0.535,210.9,1.00,173,0,103,498.0,4.460,6.338,FELL,off,,,
v6,-0.055,0,5,-0,0.448,0.537,102.6,1.00,208,0,99,380.2,4.370,6.338,FELL,off,,,
v6,+0.055,0,9,-352,0.423,0.529,351.1,1.00,159,14,212,734.6,6.430,6.338,FELL,off,,,
v6,-0.055,1,9,-347,0.411,0.522,378.9,1.00,146,9,167,423.6,6.405,6.338,FELL,off,,,
v6,-0.030,0,40,93,0.465,0.263,11.8,1.00,115,6,580,25.1,,6.338,SURVIVED,off,,,
v6,-0.030,1,40,102,0.476,0.006,11.8,1.00,63,9,541,21.0,,6.338,SURVIVED,off,,,
v6,+0.036,0,40,101,0.476,0.005,11.5,1.00,62,9,682,21.5,,6.338,SURVIVED,off,,,
v6,-0.036,1,40,101,0.476,0.005,11.5,1.00,62,6,681,21.5,,6.338,SURVIVED,off,,,
v6,+0.022,1,5,0,0.457,0.537,130.3,1.00,124,2,92,400.5,4.395,6.338,FELL,merge kp=1,1,1,post_merge
v6,-0.022,0,5,-0,0.457,0.523,155.9,1.00,161,3,96,353.7,4.415,6.338,FELL,merge kp=1,1,1,post_merge
v6,+0.026,1,4,0,0.435,0.537,251.0,1.00,194,2,79,365.7,3.975,6.338,FELL,merge kp=1,1,1,post_merge
v6,+0.026,0,6,0,0.447,0.522,151.2,1.00,198,6,103,391.7,4.945,6.338,FELL,merge kp=1,1,1,post_merge
v6,-0.026,0,4,-0,0.432,0.539,236.3,1.00,138,1,81,365.3,3.970,6.338,FELL,merge kp=1,1,1,post_merge
v6,-0.026,1,6,-0,0.442,0.526,159.3,1.00,201,9,105,392.8,4.955,6.338,FELL,merge kp=1,1,1,post_merge
v6,+0.018,0,40,105,0.476,0.005,11.5,1.00,63,6,460,21.8,,6.338,SURVIVED,merge kp=1,1,1,post_merge
v6,+0.018,1,40,89,0.465,0.268,15.3,1.00,117,11,485,25.5,,6.338,SURVIVED,merge kp=1,1,1,post_merge
v6,-0.018,0,40,89,0.465,0.268,15.2,1.00,116,6,495,37.7,,6.338,SURVIVED,merge kp=1,1,1,post_merge
v6,-0.018,1,40,105,0.476,0.005,11.5,1.00,62,6,461,21.4,,6.338,SURVIVED,merge kp=1,1,1,post_merge
v6,-0.030,1,6,-0,0.422,0.522,297.6,1.00,202,4,105,438.5,5.015,6.338,FELL,merge kp=1,1,1,post_merge
v6,+0.022,0,40,104,0.476,0.005,11.6,1.00,63,9,483,20.8,,6.338,SURVIVED,merge kp=1,1,1,post_merge
v6,-0.022,1,40,104,0.476,0.005,11.6,1.00,63,9,477,21.4,,6.338,SURVIVED,merge kp=1,1,1,post_merge
v6,+0.036,1,5,0,0.436,0.524,232.6,1.00,202,1,94,422.4,4.430,6.338,FELL,merge kp=1,1,1,post_merge
v6,+0.030,0,24,170,0.430,0.534,168.6,1.00,205,7,350,484.6,14.910,6.338,FELL,merge kp=1,1,1,post_merge
v6,+0.045,0,8,379,0.434,0.543,382.7,1.00,202,16,148,1108.9,5.915,6.338,FELL,merge kp=1,1,1,post_merge
v6,+0.045,1,9,314,0.411,0.550,224.8,1.00,188,19,206,834.1,6.775,6.338,FELL,merge kp=1,1,1,post_merge
v6,-0.045,0,9,316,0.442,0.525,112.0,1.00,163,2,184,705.3,6.615,6.338,FELL,merge kp=1,1,1,post_merge
v6,-0.045,1,4,-0,0.441,0.527,220.4,1.00,173,1,77,401.8,3.880,6.338,FELL,merge kp=1,1,1,post_merge
v6,+0.055,1,5,0,0.420,0.532,130.8,1.00,206,0,112,425.6,4.375,6.338,FELL,merge kp=1,1,1,post_merge
v6,+0.055,0,8,-219,0.424,0.565,299.5,1.00,203,24,182,424.8,6.340,6.338,FELL,merge kp=1,1,1,post_merge
v6,+0.030,1,40,93,0.465,0.262,11.8,1.00,114,6,577,27.7,,6.338,SURVIVED,merge kp=1,1,1,post_merge
v6,-0.055,0,5,-0,0.448,0.533,103.5,1.00,208,1,97,381.1,4.370,6.338,FELL,merge kp=1,1,1,post_merge
v6,-0.030,0,40,93,0.465,0.262,11.8,1.00,114,7,577,27.7,,6.338,SURVIVED,merge kp=1,1,1,post_merge
v6,+0.018,0,6,0,0.457,0.538,102.5,1.00,141,3,106,373.6,4.940,6.338,FELL,merge kp=3,1,3,post_merge
v6,+0.036,0,40,101,0.476,0.005,11.5,1.00,62,8,680,21.5,,6.338,SURVIVED,merge kp=1,1,1,post_merge
v6,-0.055,1,8,-109,0.445,0.530,137.4,1.00,170,20,200,424.7,6.165,6.338,FELL,merge kp=1,1,1,post_merge
v6,+0.018,1,7,2676,0.457,0.527,80.5,1.00,151,5,118,376.2,5.470,6.338,FELL,merge kp=3,1,3,post_merge
v6,+0.022,1,5,0,0.459,0.530,86.7,1.01,128,2,88,400.2,4.370,6.338,FELL,merge kp=3,1,3,post_merge
v6,-0.022,0,5,-0,0.458,0.537,94.2,1.00,157,2,88,353.7,4.380,6.338,FELL,merge kp=3,1,3,post_merge
v6,-0.036,0,40,94,0.465,0.253,13.0,1.00,111,6,717,24.9,,6.338,SURVIVED,merge kp=1,1,1,post_merge
v6,-0.036,1,40,101,0.476,0.005,11.5,1.00,65,5,681,22.7,,6.338,SURVIVED,merge kp=1,1,1,post_merge
v6,+0.026,1,4,0,0.427,0.540,241.2,1.00,159,2,79,370.7,3.985,6.338,FELL,merge kp=3,1,3,post_merge
v6,-0.026,0,4,-0,0.433,0.533,247.8,1.00,145,2,84,365.8,3.970,6.338,FELL,merge kp=3,1,3,post_merge
v6,+0.026,0,6,0,0.441,0.521,138.4,1.00,198,5,103,392.8,4.935,6.338,FELL,merge kp=3,1,3,post_merge
v6,-0.026,1,6,-0,0.421,0.529,311.3,1.00,174,5,109,392.6,5.035,6.338,FELL,merge kp=3,1,3,post_merge
v6,-0.018,0,40,89,0.465,0.268,15.2,1.00,117,8,496,29.5,,6.338,SURVIVED,merge kp=3,1,3,post_merge
v6,-0.018,1,40,105,0.476,0.005,11.6,1.00,62,11,463,21.8,,6.338,SURVIVED,merge kp=3,1,3,post_merge
v6,+0.022,0,40,104,0.476,0.005,11.7,1.00,63,7,483,20.8,,6.338,SURVIVED,merge kp=3,1,3,post_merge
v6,-0.022,1,40,104,0.476,0.005,11.6,1.00,62,11,482,21.3,,6.338,SURVIVED,merge kp=3,1,3,post_merge
v6,-0.036,0,5,-0,0.441,0.533,219.4,1.00,199,2,93,422.6,4.420,6.338,FELL,merge kp=3,1,3,post_merge
v6,+0.045,0,4,0,0.433,0.524,279.0,1.00,178,1,76,401.5,3.905,6.338,FELL,merge kp=3,1,3,post_merge
v6,+0.030,0,40,102,0.476,0.006,11.8,1.00,64,10,542,20.4,,6.338,SURVIVED,merge kp=3,1,3,post_merge
v6,+0.030,1,40,93,0.465,0.263,13.6,1.00,115,9,577,27.7,,6.338,SURVIVED,merge kp=3,1,3,post_merge
v6,-0.030,0,40,93,0.465,0.262,11.8,1.00,114,6,580,27.3,,6.338,SURVIVED,merge kp=3,1,3,post_merge
v6,-0.030,1,40,102,0.476,0.006,11.8,1.00,62,4,542,20.6,,6.338,SURVIVED,merge kp=3,1,3,post_merge
v6,-0.045,1,4,-0,0.438,0.529,243.6,1.00,133,3,76,403.5,3.890,6.338,FELL,merge kp=3,1,3,post_merge
v6,+0.045,1,9,250,0.449,0.534,77.8,1.00,150,11,192,779.6,6.620,6.338,FELL,merge kp=3,1,3,post_merge
v6,-0.045,0,9,306,0.443,0.526,126.1,1.01,153,5,196,699.0,6.630,6.338,FELL,merge kp=3,1,3,post_merge
v6,+0.055,0,8,-246,0.437,0.550,224.9,1.01,145,21,191,423.6,6.315,6.338,FELL,merge kp=3,1,3,post_merge
v6,+0.055,1,5,0,0.440,0.522,149.3,1.00,165,16,109,423.1,4.460,6.338,FELL,merge kp=3,1,3,post_merge
v6,-0.055,0,5,-0,0.426,0.525,179.6,1.00,210,2,114,421.8,4.385,6.338,FELL,merge kp=3,1,3,post_merge
v6,+0.036,0,40,101,0.476,0.005,11.5,1.00,64,9,680,21.5,,6.338,SURVIVED,merge kp=3,1,3,post_merge
v6,-0.055,1,8,-102,0.447,0.522,170.1,1.00,126,10,204,424.6,6.145,6.338,FELL,merge kp=3,1,3,post_merge
v6,+0.036,1,40,94,0.465,0.253,12.6,1.00,111,11,717,24.9,,6.338,SURVIVED,merge kp=3,1,3,post_merge
v6,+0.022,1,5,0,0.449,0.537,189.0,1.00,173,2,94,354.2,4.425,6.338,FELL,merge kp=10,1,10,post_merge
v6,-0.036,1,40,101,0.476,0.005,11.5,1.00,65,6,680,22.7,,6.338,SURVIVED,merge kp=3,1,3,post_merge
v6,-0.022,0,5,-0,0.457,0.529,74.4,1.00,158,3,85,354.0,4.370,6.338,FELL,merge kp=10,1,10,post_merge
v6,+0.026,0,6,0,0.440,0.536,151.9,1.00,200,8,104,390.1,4.955,6.338,FELL,merge kp=10,1,10,post_merge
v6,+0.026,1,4,0,0.431,0.522,255.0,1.00,143,2,78,365.7,3.980,6.338,FELL,merge kp=10,1,10,post_merge
v6,-0.026,0,4,-0,0.436,0.532,269.7,1.01,175,3,74,365.8,4.005,6.338,FELL,merge kp=10,1,10,post_merge
v6,-0.026,1,6,-0,0.420,0.536,279.6,1.00,201,0,108,387.5,5.020,6.338,FELL,merge kp=10,1,10,post_merge
v6,+0.030,0,6,0,0.454,0.525,130.6,1.00,183,1,101,438.8,4.925,6.338,FELL,merge kp=10,1,10,post_merge
v6,+0.018,0,40,105,0.476,0.005,11.5,1.00,62,4,460,21.8,,6.338,SURVIVED,merge kp=10,1,10,post_merge
v6,+0.018,1,40,89,0.465,0.268,15.3,1.00,117,12,496,25.5,,6.338,SURVIVED,merge kp=10,1,10,post_merge
v6,-0.018,0,40,89,0.465,0.268,15.2,1.00,116,7,497,37.7,,6.338,SURVIVED,merge kp=10,1,10,post_merge
v6,-0.018,1,40,105,0.476,0.005,11.4,1.00,62,9,462,21.6,,6.338,SURVIVED,merge kp=10,1,10,post_merge
v6,+0.036,1,5,0,0.433,0.527,264.1,1.00,202,0,92,422.6,4.440,6.338,FELL,merge kp=10,1,10,post_merge
v6,+0.022,0,40,104,0.476,0.005,11.7,1.00,65,6,483,21.4,,6.338,SURVIVED,merge kp=10,1,10,post_merge
v6,-0.036,0,5,-0,0.421,0.523,329.1,1.00,204,4,97,424.6,4.485,6.338,FELL,merge kp=10,1,10,post_merge
v6,-0.022,1,40,104,0.476,0.005,11.7,1.00,62,8,480,21.4,,6.338,SURVIVED,merge kp=10,1,10,post_merge
v6,+0.045,1,5,0,0.448,0.537,148.9,1.00,192,5,93,483.9,4.395,6.338,FELL,merge kp=10,1,10,post_merge
v6,+0.045,0,8,600,0.450,0.527,127.8,1.00,161,6,158,553.0,6.050,6.338,FELL,merge kp=10,1,10,post_merge
v6,-0.045,0,9,417,0.405,0.551,319.1,1.00,147,2,218,711.8,6.765,6.338,FELL,merge kp=10,1,10,post_merge
v6,-0.045,1,8,666,0.449,0.531,179.5,1.00,177,4,162,565.1,6.125,6.338,FELL,merge kp=10,1,10,post_merge
v6,+0.055,0,8,-162,0.420,0.533,188.4,1.01,153,22,199,424.9,6.365,6.338,FELL,merge kp=10,1,10,post_merge
v6,+0.055,1,5,0,0.424,0.531,171.7,1.01,209,3,115,422.9,4.390,6.338,FELL,merge kp=10,1,10,post_merge
v6,-0.055,0,5,-0,0.448,0.536,101.7,1.00,208,3,99,380.2,4.370,6.338,FELL,merge kp=10,1,10,post_merge
v6,+0.030,1,40,93,0.465,0.263,11.8,1.00,115,10,575,25.1,,6.338,SURVIVED,merge kp=10,1,10,post_merge
v6,-0.055,1,9,-276,0.438,0.524,327.6,1.00,135,11,182,423.3,6.415,6.338,FELL,merge kp=10,1,10,post_merge
v6,-0.030,0,40,93,0.465,0.263,12.1,1.00,115,5,575,33.3,,6.338,SURVIVED,merge kp=10,1,10,post_merge
v6,-0.030,1,40,102,0.465,0.331,49.5,1.01,131,15,616,180.3,,6.338,SURVIVED,merge kp=10,1,10,post_merge
v6,+0.036,0,40,101,0.476,0.005,11.6,1.00,64,10,680,21.6,,6.338,SURVIVED,merge kp=10,1,10,post_merge
v6,-0.018,1,6,-0,0.458,0.539,118.2,1.00,146,3,106,367.6,4.945,6.338,FELL,merge kp=30,1,30,post_merge
v6,-0.022,0,5,-0,0.459,0.529,103.9,1.00,134,3,91,353.3,4.385,6.338,FELL,merge kp=30,1,30,post_merge
v6,-0.036,1,40,101,0.476,0.005,11.5,1.00,63,4,680,21.5,,6.338,SURVIVED,merge kp=10,1,10,post_merge
v6,+0.022,1,7,2937,0.423,0.522,269.3,1.00,166,2,125,405.1,5.580,6.338,FELL,merge kp=30,1,30,post_merge
v6,+0.026,1,4,0,0.426,0.522,276.5,1.00,149,4,81,366.1,3.985,6.338,FELL,merge kp=30,1,30,post_merge
v6,-0.026,0,4,-0,0.408,0.537,369.2,1.00,138,3,77,370.7,4.035,6.338,FELL,merge kp=30,1,30,post_merge
v6,+0.026,0,6,0,0.419,0.528,299.8,1.00,201,1,109,387.5,5.015,6.338,FELL,merge kp=30,1,30,post_merge
v6,-0.026,1,6,-0,0.441,0.530,152.6,1.00,201,5,104,388.0,4.950,6.338,FELL,merge kp=30,1,30,post_merge
v6,+0.030,1,9,405,0.446,0.525,135.6,1.01,175,6,160,509.1,6.600,6.338,FELL,merge kp=30,1,30,post_merge
v6,+0.018,0,40,105,0.476,0.005,11.5,1.00,64,11,459,21.7,,6.338,SURVIVED,merge kp=30,1,30,post_merge
v6,+0.018,1,40,89,0.465,0.268,15.2,1.00,117,4,495,29.5,,6.338,SURVIVED,merge kp=30,1,30,post_merge
v6,-0.018,0,40,89,0.465,0.268,15.3,1.01,118,6,496,37.5,,6.338,SURVIVED,merge kp=30,1,30,post_merge
v6,+0.022,0,40,104,0.476,0.005,11.7,1.00,62,7,480,21.4,,6.338,SURVIVED,merge kp=30,1,30,post_merge
v6,+0.036,1,5,0,0.424,0.529,341.8,1.00,199,4,96,419.8,4.490,6.338,FELL,merge kp=30,1,30,post_merge
v6,-0.036,0,5,-0,0.430,0.531,266.8,1.00,202,4,99,426.3,4.440,6.338,FELL,merge kp=30,1,30,post_merge
v6,-0.022,1,40,104,0.476,0.005,11.7,1.00,63,4,481,21.4,,6.338,SURVIVED,merge kp=30,1,30,post_merge
v6,+0.045,0,4,0,0.436,0.530,265.0,1.00,175,3,78,399.8,3.895,6.338,FELL,merge kp=30,1,30,post_merge
v6,+0.045,1,9,248,0.443,0.533,77.6,1.00,156,11,180,762.8,6.615,6.338,FELL,merge kp=30,1,30,post_merge
v6,+0.030,0,40,102,0.476,0.006,11.8,1.00,64,12,541,20.4,,6.338,SURVIVED,merge kp=30,1,30,post_merge
v6,-0.045,0,9,354,0.454,0.524,211.0,1.00,137,1,186,705.4,6.640,6.338,FELL,merge kp=30,1,30,post_merge
v6,-0.045,1,10,234,0.447,0.528,42.0,1.00,163,8,192,842.1,7.105,6.338,FELL,merge kp=30,1,30,post_merge
v6,-0.030,0,40,93,0.465,0.262,11.8,1.00,115,4,578,25.1,,6.338,SURVIVED,merge kp=30,1,30,post_merge
v6,+0.055,1,5,0,0.444,0.525,125.6,1.00,210,2,110,421.7,4.365,6.338,FELL,merge kp=30,1,30,post_merge
v6,+0.055,0,9,-372,0.406,0.539,345.7,1.00,190,7,172,424.2,6.445,6.338,FELL,merge kp=30,1,30,post_merge
v6,-0.055,0,5,-0,0.446,0.531,116.1,1.00,208,2,98,380.4,4.375,6.338,FELL,merge kp=30,1,30,post_merge
v6,-0.030,1,40,102,0.476,0.006,11.8,1.00,63,3,541,21.0,,6.338,SURVIVED,merge kp=30,1,30,post_merge
v6,-0.055,1,9,-331,0.415,0.522,362.2,1.00,147,4,179,424.8,6.475,6.338,FELL,merge kp=30,1,30,post_merge
v6,+0.036,0,40,101,0.476,0.005,11.5,1.00,62,7,680,22.7,,6.338,SURVIVED,merge kp=30,1,30,post_merge
v6,+0.022,1,5,0,0.461,0.538,120.0,1.00,148,1,94,354.0,4.390,6.338,FELL,merge kp=100,1,100,post_merge
v6,-0.036,1,40,101,0.476,0.005,11.5,1.00,62,2,680,22.9,,6.338,SURVIVED,merge kp=30,1,30,post_merge
v6,-0.022,0,7,2644,0.437,0.520,183.1,1.00,180,14,138,405.1,5.540,6.338,FELL,merge kp=100,1,100,post_merge
v6,+0.026,0,6,0,0.423,0.530,282.2,1.00,197,2,108,390.9,5.020,6.338,FELL,merge kp=100,1,100,post_merge
v6,+0.026,1,4,0,0.403,0.528,386.9,1.01,157,1,75,365.9,4.040,6.338,FELL,merge kp=100,1,100,post_merge
v6,-0.026,0,4,-0,0.424,0.529,253.0,1.00,147,5,82,366.3,3.980,6.338,FELL,merge kp=100,1,100,post_merge
v6,-0.026,1,6,-0,0.427,0.534,232.7,1.00,205,2,109,391.4,5.005,6.338,FELL,merge kp=100,1,100,post_merge
v6,+0.018,0,40,105,0.476,0.005,11.5,1.00,62,11,460,21.8,,6.338,SURVIVED,merge kp=100,1,100,post_merge
v6,+0.018,1,40,89,0.465,0.268,15.2,1.00,118,5,495,37.9,,6.338,SURVIVED,merge kp=100,1,100,post_merge
v6,-0.018,0,40,89,0.465,0.268,15.1,1.00,117,4,497,29.5,,6.338,SURVIVED,merge kp=100,1,100,post_merge
v6,-0.018,1,40,105,0.476,0.005,11.4,1.00,64,11,463,21.8,,6.338,SURVIVED,merge kp=100,1,100,post_merge
v6,+0.022,0,40,104,0.476,0.005,11.7,1.00,64,7,474,21.4,,6.338,SURVIVED,merge kp=100,1,100,post_merge
v6,-0.030,1,6,-0,0.432,0.520,188.2,1.01,204,5,118,438.6,4.925,6.338,FELL,merge kp=100,1,100,post_merge
v6,-0.036,0,5,-0,0.418,0.537,296.2,1.00,202,4,93,424.0,4.480,6.338,FELL,merge kp=100,1,100,post_merge
v6,-0.030,0,11,255,0.449,0.524,106.4,1.00,206,3,172,426.1,7.660,6.338,FELL,merge kp=100,1,100,post_merge
v6,-0.022,1,40,104,0.476,0.005,11.7,1.00,63,5,473,21.4,,6.338,SURVIVED,merge kp=100,1,100,post_merge
v6,+0.045,0,8,616,0.446,0.535,172.0,1.00,160,6,164,497.2,6.110,6.338,FELL,merge kp=100,1,100,post_merge
v6,+0.045,1,9,297,0.450,0.533,127.1,1.01,193,5,182,708.9,6.615,6.338,FELL,merge kp=100,1,100,post_merge
v6,-0.045,0,9,411,0.414,0.545,265.2,1.00,168,7,204,807.4,6.725,6.338,FELL,merge kp=100,1,100,post_merge
v6,-0.045,1,8,653,0.432,0.523,212.4,1.00,167,5,188,473.4,6.120,6.338,FELL,merge kp=100,1,100,post_merge
v6,+0.030,0,40,102,0.476,0.006,10.6,1.00,65,16,544,21.0,,6.338,SURVIVED,merge kp=100,1,100,post_merge
v6,+0.055,1,5,0,0.441,0.535,91.1,1.01,204,8,98,425.8,4.385,6.338,FELL,merge kp=100,1,100,post_merge
v6,+0.055,0,9,-371,0.411,0.527,396.6,1.00,174,4,185,423.3,6.455,6.338,FELL,merge kp=100,1,100,post_merge
v6,+0.030,1,40,93,0.465,0.263,13.1,1.00,114,8,575,25.6,,6.338,SURVIVED,merge kp=100,1,100,post_merge
v6,-0.055,0,5,-0,0.453,0.540,161.5,1.00,187,11,110,438.2,4.410,6.338,FELL,merge kp=100,1,100,post_merge
v6,+0.036,0,40,101,0.476,0.005,11.5,1.00,62,8,681,22.6,,6.338,SURVIVED,merge kp=100,1,100,post_merge
v6,+0.036,1,40,94,0.465,0.262,12.7,1.00,111,6,719,24.6,,6.338,SURVIVED,merge kp=100,1,100,post_merge
v6,-0.055,1,8,-255,0.440,0.529,273.6,1.00,121,4,177,423.6,6.345,6.338,FELL,merge kp=100,1,100,post_merge
v6,-0.036,1,40,101,0.476,0.005,11.5,1.00,68,1,682,21.5,,6.338,SURVIVED,merge kp=100,1,100,post_merge
