rev,vy,first_swing,MU_GROUND,steps,achieved_pct,trunk_z,tilt,dcm,cop,ankle,degraded,selfcol_ticks,selfcol_peak,fell_t,mass,survived,cond,SOLE_HALF_W
v2base,-0.050,0,0.7,40,95,0.471,0.016,26.5,1.00,83,9,0,0.0,,6.630,SURVIVED,mu 0.7,
v2base,-0.050,1,0.7,40,100,0.470,0.016,26.3,1.00,97,21,0,0.0,,6.630,SURVIVED,mu 0.7,
v2base,+0.045,1,0.7,40,94,0.474,0.019,34.5,1.01,71,33,0,0.0,,6.630,SURVIVED,mu 0.7,
v2base,+0.050,1,0.7,40,95,0.473,0.016,32.8,1.00,70,19,0,0.0,,6.630,SURVIVED,mu 0.7,
v2base,+0.050,0,0.7,40,100,0.476,0.016,11.5,1.00,81,22,0,0.0,,6.630,SURVIVED,mu 0.7,
v2base,-0.045,1,0.7,40,101,0.476,0.010,10.2,1.00,64,26,0,0.0,,6.630,SURVIVED,mu 0.7,
v2base,+0.045,0,0.7,40,101,0.476,0.012,9.8,1.00,66,30,0,0.0,,6.630,SURVIVED,mu 0.7,
v2base,-0.045,0,0.7,40,95,0.476,0.012,10.1,1.00,64,31,0,0.0,,6.630,SURVIVED,mu 0.7,
v2base,-0.065,0,0.7,7,518,0.436,0.529,63.4,1.00,185,13,0,0.0,5.600,6.630,FELL,mu 0.7,
v2base,+0.055,1,0.7,8,158,0.431,0.547,156.1,1.00,186,24,16,265.8,6.195,6.630,FELL,mu 0.7,
v2base,+0.065,1,0.7,8,492,0.417,0.558,434.7,1.01,198,21,0,0.0,6.165,6.630,FELL,mu 0.7,
v2base,+0.065,0,0.7,9,496,0.363,0.524,471.2,1.01,192,21,5,145.5,6.840,6.630,FELL,mu 0.7,
v2base,-0.065,1,0.7,9,403,0.406,0.530,329.3,1.01,167,26,27,51.4,6.635,6.630,FELL,mu 0.7,
v2base,+0.055,0,0.7,10,130,0.451,0.534,61.1,1.01,113,18,0,0.0,7.360,6.630,FELL,mu 0.7,
v2base,-0.055,0,0.7,12,184,0.446,0.545,202.1,1.00,178,22,0,0.0,8.175,6.630,FELL,mu 0.7,
v2base,-0.055,1,0.7,17,130,0.435,0.535,164.2,1.01,206,35,20,155.0,11.180,6.630,FELL,mu 0.7,
v2base,+0.073,0,0.7,7,851,0.436,0.544,243.8,1.00,163,13,8,132.5,5.555,6.630,FELL,mu 0.7,
v2base,+0.091,0,0.7,6,0,0.454,0.523,127.5,1.00,142,34,19,51.4,5.240,6.630,FELL,mu 0.7,
v2base,+0.073,1,0.7,8,455,0.404,0.535,291.5,1.00,195,16,0,0.0,6.115,6.630,FELL,mu 0.7,
v2base,-0.073,0,0.7,8,361,0.442,0.560,227.4,1.13,196,9,2,66.9,6.170,6.630,FELL,mu 0.7,
v2base,+0.091,1,0.7,6,0,0.373,0.577,276.0,1.00,205,22,0,0.0,5.225,6.630,FELL,mu 0.7,
v2base,-0.073,1,0.7,7,131,0.445,0.567,104.8,1.01,179,29,19,83.4,5.685,6.630,FELL,mu 0.7,
v2base,-0.091,0,0.7,6,-0,0.441,0.568,215.0,1.00,198,24,11,118.6,5.100,6.630,FELL,mu 0.7,
v2base,-0.091,1,0.7,8,143,0.410,0.568,496.7,1.01,175,39,0,0.0,6.170,6.630,FELL,mu 0.7,
v2base,+0.050,1,0.8,7,180,0.439,0.530,41.0,1.00,146,10,0,0.0,5.585,6.630,FELL,mu 0.8,
v2base,-0.050,0,0.8,9,131,0.444,0.540,70.9,1.00,154,11,0,0.0,6.680,6.630,FELL,mu 0.8,
v2base,+0.055,1,0.8,11,109,0.441,0.537,42.9,1.00,186,22,0,0.0,7.795,6.630,FELL,mu 0.8,
v2base,+0.055,0,0.8,23,110,0.453,0.526,149.6,1.01,216,52,5,124.8,14.480,6.630,FELL,mu 0.8,
v2base,+0.045,0,0.8,40,101,0.476,0.010,10.4,1.00,63,45,0,0.0,,6.630,SURVIVED,mu 0.8,
v2base,+0.045,1,0.8,40,94,0.471,0.011,31.1,1.00,97,32,0,0.0,,6.630,SURVIVED,mu 0.8,
v2base,-0.045,0,0.8,40,94,0.475,0.010,19.1,1.00,88,30,0,0.0,,6.630,SURVIVED,mu 0.8,
v2base,-0.045,1,0.8,40,101,0.476,0.010,8.6,1.00,69,37,0,0.0,,6.630,SURVIVED,mu 0.8,
v2base,+0.050,0,0.8,40,100,0.476,0.016,11.2,1.00,78,31,0,0.0,,6.630,SURVIVED,mu 0.8,
v2base,-0.055,1,0.8,9,520,0.416,0.523,405.2,1.01,173,21,6,120.1,6.925,6.630,FELL,mu 0.8,
v2base,-0.055,0,0.8,21,165,0.416,0.544,293.7,1.01,193,35,0,0.0,13.100,6.630,FELL,mu 0.8,
v2base,-0.050,1,0.8,40,100,0.476,0.015,10.9,1.00,76,16,0,0.0,,6.630,SURVIVED,mu 0.8,
v2base,+0.073,0,0.8,7,679,0.405,0.521,191.1,1.01,197,21,0,0.0,5.375,6.630,FELL,mu 0.8,
v2base,+0.065,0,0.8,9,460,0.415,0.572,302.7,1.00,199,22,0,0.0,6.530,6.630,FELL,mu 0.8,
v2base,-0.065,0,0.8,8,548,0.423,0.536,239.8,1.01,197,26,4,198.9,5.985,6.630,FELL,mu 0.8,
v2base,+0.065,1,0.8,8,257,0.428,0.521,126.0,1.01,190,28,28,144.8,6.265,6.630,FELL,mu 0.8,
v2base,-0.065,1,0.8,8,255,0.384,0.548,239.4,1.01,203,36,11,97.8,6.305,6.630,FELL,mu 0.8,
v2base,+0.073,1,0.8,8,-164,0.440,0.522,113.5,1.01,144,21,23,88.9,6.165,6.630,FELL,mu 0.8,
v2base,-0.073,0,0.8,8,161,0.395,0.528,550.1,1.01,183,37,3,161.1,6.340,6.630,FELL,mu 0.8,
v2base,-0.073,1,0.8,7,1228,0.415,0.528,336.5,1.00,132,17,6,92.0,5.395,6.630,FELL,mu 0.8,
v2base,+0.091,1,0.8,6,0,0.428,0.550,263.1,1.00,165,27,0,0.0,5.130,6.630,FELL,mu 0.8,
v2base,-0.091,0,0.8,6,-0,0.430,0.533,261.2,1.01,189,32,3,312.8,5.165,6.630,FELL,mu 0.8,
v2base,+0.091,0,0.8,7,745,0.432,0.553,278.8,1.00,201,24,20,119.1,5.545,6.630,FELL,mu 0.8,
v2base,-0.091,1,0.8,8,180,0.426,0.544,63.0,1.00,158,28,0,0.0,6.255,6.630,FELL,mu 0.8,
v2base,-0.045,1,0.9,22,117,0.437,0.521,39.9,1.00,135,29,0,0.0,13.825,6.630,FELL,mu 0.9,
v2base,+0.045,0,0.9,40,101,0.476,0.010,9.3,1.00,72,46,0,0.0,,6.630,SURVIVED,mu 0.9,
v2base,+0.045,1,0.9,40,94,0.476,0.010,17.7,1.00,75,32,0,0.0,,6.630,SURVIVED,mu 0.9,
v2base,-0.045,0,0.9,40,94,0.475,0.010,18.6,1.01,89,44,0,0.0,,6.630,SURVIVED,mu 0.9,
v2base,+0.055,0,0.9,20,119,0.432,0.525,99.6,1.01,197,29,0,0.0,12.825,6.630,FELL,mu 0.9,
v2base,+0.050,0,0.9,40,100,0.476,0.021,10.9,1.00,75,31,0,0.0,,6.630,SURVIVED,mu 0.9,
v2base,+0.050,1,0.9,40,95,0.466,0.017,30.3,1.00,87,28,0,0.0,,6.630,SURVIVED,mu 0.9,
v2base,-0.050,0,0.9,40,95,0.462,0.026,23.8,1.00,108,28,0,0.0,,6.630,SURVIVED,mu 0.9,
v2base,-0.050,1,0.9,40,100,0.476,0.015,10.7,1.00,73,35,0,0.0,,6.630,SURVIVED,mu 0.9,
v2base,-0.055,0,0.9,7,101,0.447,0.531,59.3,1.01,111,9,0,0.0,5.670,6.630,FELL,mu 0.9,
v2base,+0.065,1,0.9,8,685,0.416,0.535,372.2,1.01,195,28,12,175.0,6.010,6.630,FELL,mu 0.9,
v2base,+0.055,1,0.9,17,100,0.452,0.522,59.3,1.01,115,16,0,0.0,11.160,6.630,FELL,mu 0.9,
v2base,-0.065,1,0.9,9,409,0.436,0.530,270.7,1.01,201,19,3,164.1,6.480,6.630,FELL,mu 0.9,
v2base,+0.073,0,0.9,7,946,0.417,0.546,314.6,1.01,178,28,0,0.0,5.465,6.630,FELL,mu 0.9,
v2base,+0.065,0,0.9,12,154,0.430,0.523,59.1,1.00,190,20,0,0.0,8.355,6.630,FELL,mu 0.9,
v2base,+0.073,1,0.9,8,541,0.403,0.588,280.8,1.00,163,43,9,495.5,5.930,6.630,FELL,mu 0.9,
v2base,-0.065,0,0.9,12,207,0.440,0.529,313.2,1.01,152,18,3,65.3,8.225,6.630,FELL,mu 0.9,
v2base,+0.091,0,0.9,6,0,0.423,0.523,121.8,1.01,186,33,0,0.0,4.855,6.630,FELL,mu 0.9,
v2base,-0.073,1,0.9,6,-0,0.417,0.522,54.0,1.00,194,12,0,0.0,5.070,6.630,FELL,mu 0.9,
v2base,+0.091,1,0.9,6,0,0.443,0.541,192.1,1.01,174,21,22,396.7,5.095,6.630,FELL,mu 0.9,
v2base,-0.055,1,0.9,26,114,0.432,0.522,99.6,1.01,201,39,0,0.0,16.085,6.630,FELL,mu 0.9,
v2base,-0.091,1,0.9,7,667,0.398,0.542,342.6,1.01,167,30,17,105.8,5.410,6.630,FELL,mu 0.9,
v2base,-0.073,0,0.9,11,152,0.436,0.524,209.6,1.00,168,45,12,96.8,7.925,6.630,FELL,mu 0.9,
v2base,-0.091,0,0.9,10,279,0.348,0.545,456.0,1.00,204,31,11,58.9,7.185,6.630,FELL,mu 0.9,
v2base,+0.050,1,1.1,7,227,0.441,0.536,51.4,1.00,189,12,0,0.0,5.565,6.630,FELL,mu 1.1,
v2base,-0.050,0,1.1,7,234,0.436,0.527,52.2,1.00,162,21,0,0.0,5.590,6.630,FELL,mu 1.1,
v2base,+0.045,0,1.1,40,101,0.473,0.027,29.7,1.00,113,113,0,0.0,,6.630,SURVIVED,mu 1.1,
v2base,-0.045,1,1.1,40,101,0.469,0.029,37.7,1.00,111,132,0,0.0,,6.630,SURVIVED,mu 1.1,
v2base,+0.045,1,1.1,40,95,0.476,0.007,9.3,1.00,77,86,0,0.0,,6.630,SURVIVED,mu 1.1,
v2base,-0.045,0,1.1,40,95,0.476,0.008,8.8,1.00,63,99,0,0.0,,6.630,SURVIVED,mu 1.1,
v2base,+0.050,0,1.1,40,100,0.476,0.008,10.4,1.00,84,59,0,0.0,,6.630,SURVIVED,mu 1.1,
v2base,-0.050,1,1.1,40,100,0.476,0.008,10.6,1.00,82,85,0,0.0,,6.630,SURVIVED,mu 1.1,
v2base,+0.055,0,1.1,40,100,0.476,0.012,15.0,1.00,103,54,0,0.0,,6.630,SURVIVED,mu 1.1,
v2base,+0.065,0,1.1,11,222,0.428,0.562,224.9,1.00,207,24,0,0.0,7.640,6.630,FELL,mu 1.1,
v2base,+0.055,1,1.1,40,94,0.463,0.188,45.0,1.00,112,93,5,32.2,,6.630,SURVIVED,mu 1.1,
v2base,+0.065,1,1.1,12,219,0.394,0.544,337.2,1.01,169,32,0,0.0,8.340,6.630,FELL,mu 1.1,
v2base,-0.065,0,1.1,12,176,0.424,0.553,215.9,1.00,207,39,5,282.9,8.435,6.630,FELL,mu 1.1,
v2base,+0.073,0,1.1,7,861,0.444,0.537,194.4,1.01,144,18,1,0.0,5.420,6.630,FELL,mu 1.1,
v2base,-0.065,1,1.1,15,145,0.439,0.559,206.3,1.01,145,42,0,0.0,10.005,6.630,FELL,mu 1.1,
v2base,+0.073,1,1.1,8,430,0.398,0.534,371.7,1.00,201,51,0,0.0,6.060,6.630,FELL,mu 1.1,
v2base,-0.073,1,1.1,7,916,0.423,0.543,264.3,1.00,188,19,0,0.0,5.565,6.630,FELL,mu 1.1,
v2base,-0.073,0,1.1,8,518,0.401,0.570,345.0,1.01,189,28,0,0.0,5.975,6.630,FELL,mu 1.1,
v2base,+0.091,0,1.1,7,540,0.424,0.521,240.0,1.01,191,40,21,136.4,5.695,6.630,FELL,mu 1.1,
v2base,+0.091,1,1.1,6,0,0.396,0.534,185.6,1.00,200,29,27,307.1,5.210,6.630,FELL,mu 1.1,
v2base,-0.091,0,1.1,8,323,0.406,0.529,318.9,1.03,189,53,7,36.4,6.005,6.630,FELL,mu 1.1,
v2base,-0.091,1,1.1,7,615,0.414,0.545,302.7,1.00,198,60,47,71.6,5.570,6.630,FELL,mu 1.1,
v2base,-0.055,0,1.1,40,95,0.473,0.016,21.0,1.00,104,79,0,0.0,,6.630,SURVIVED,mu 1.1,
v2base,-0.055,1,1.1,40,100,0.476,0.010,11.2,1.00,103,60,0,0.0,,6.630,SURVIVED,mu 1.1,
v2base,+0.045,0,1.5,40,131,0.410,0.521,302.0,1.01,200,128,8,122.6,25.285,6.630,FELL,mu 1.5,
v2base,+0.045,1,1.5,40,95,0.475,0.009,16.8,1.00,78,74,0,0.0,,6.630,SURVIVED,mu 1.5,
v2base,-0.045,0,1.5,40,94,0.475,0.023,21.0,1.00,120,111,0,0.0,,6.630,SURVIVED,mu 1.5,
v2base,+0.050,0,1.5,40,102,0.454,0.529,77.4,1.01,112,92,0,0.0,24.265,6.630,FELL,mu 1.5,
v2base,-0.045,1,1.5,40,114,0.405,0.568,547.0,1.01,178,138,7,151.0,25.180,6.630,FELL,mu 1.5,
v2base,+0.050,1,1.5,40,95,0.475,0.012,12.0,1.00,103,77,0,0.0,,6.630,SURVIVED,mu 1.5,
v2base,-0.050,0,1.5,40,95,0.475,0.012,17.5,1.00,103,114,0,0.0,,6.630,SURVIVED,mu 1.5,
v2base,+0.065,1,1.5,8,485,0.401,0.567,312.4,1.00,188,25,2,146.9,6.290,6.630,FELL,mu 1.5,
v2base,-0.050,1,1.5,40,100,0.475,0.021,16.8,1.00,103,102,0,0.0,,6.630,SURVIVED,mu 1.5,
v2base,-0.065,0,1.5,9,177,0.439,0.532,134.4,1.00,158,38,0,0.0,6.525,6.630,FELL,mu 1.5,
v2base,+0.073,0,1.5,14,143,0.419,0.528,155.9,1.01,221,51,63,255.6,9.205,6.630,FELL,mu 1.5,
v2base,+0.073,1,1.5,12,202,0.424,0.523,276.0,1.00,144,39,1,24.2,8.325,6.630,FELL,mu 1.5,
v2base,-0.065,1,1.5,20,116,0.436,0.533,65.5,1.01,146,75,0,0.0,12.820,6.630,FELL,mu 1.5,
v2base,+0.055,0,1.5,40,100,0.475,0.014,17.2,1.00,104,78,0,0.0,,6.630,SURVIVED,mu 1.5,
v2base,+0.055,1,1.5,40,95,0.475,0.013,17.1,1.00,105,97,0,0.0,,6.630,SURVIVED,mu 1.5,
v2base,-0.055,0,1.5,40,95,0.475,0.016,17.7,1.00,105,101,0,0.0,,6.630,SURVIVED,mu 1.5,
v2base,-0.073,0,1.5,8,153,0.424,0.581,205.7,1.01,141,52,3,183.0,6.275,6.630,FELL,mu 1.5,
v2base,+0.065,0,1.5,40,100,0.462,0.136,44.4,1.01,111,68,0,0.0,,6.630,SURVIVED,mu 1.5,
v2base,-0.055,1,1.5,40,100,0.475,0.016,15.4,1.00,105,104,0,0.0,,6.630,SURVIVED,mu 1.5,
v2base,-0.073,1,1.5,11,41,0.407,0.548,613.1,1.01,205,55,17,225.8,7.675,6.630,FELL,mu 1.5,
v2base,+0.091,1,1.5,8,-257,0.368,0.531,752.5,1.01,209,66,7,127.6,6.115,6.630,FELL,mu 1.5,
v2base,-0.091,0,1.5,8,53,0.438,0.525,359.6,1.01,185,49,71,216.9,6.155,6.630,FELL,mu 1.5,
v2base,+0.091,0,1.5,13,171,0.432,0.537,302.1,1.00,194,61,40,129.5,8.685,6.630,FELL,mu 1.5,
v2base,-0.091,1,1.5,7,282,0.399,0.537,239.1,1.01,199,45,5,61.2,5.770,6.630,FELL,mu 1.5,
v2base,+0.045,0,2.0,40,101,0.474,0.012,7.1,1.00,86,263,0,0.0,,6.630,SURVIVED,mu 2.0,
v2base,+0.045,1,2.0,40,95,0.474,0.012,10.0,1.00,91,244,0,0.0,,6.630,SURVIVED,mu 2.0,
v2base,-0.045,0,2.0,40,95,0.474,0.014,7.8,1.00,91,265,0,0.0,,6.630,SURVIVED,mu 2.0,
v2base,-0.045,1,2.0,40,101,0.474,0.021,10.1,1.00,88,245,0,0.0,,6.630,SURVIVED,mu 2.0,
v2base,+0.050,0,2.0,40,100,0.474,0.011,18.8,1.00,86,252,0,0.0,,6.630,SURVIVED,mu 2.0,
v2base,+0.050,1,2.0,40,95,0.474,0.020,19.0,1.00,92,253,0,0.0,,6.630,SURVIVED,mu 2.0,
v2base,-0.050,0,2.0,40,95,0.474,0.011,18.9,1.00,90,295,0,0.0,,6.630,SURVIVED,mu 2.0,
v2base,-0.050,1,2.0,40,100,0.474,0.014,18.1,1.00,87,261,0,0.0,,6.630,SURVIVED,mu 2.0,
v2base,+0.055,0,2.0,40,100,0.474,0.012,19.0,1.00,86,234,0,0.0,,6.630,SURVIVED,mu 2.0,
v2base,+0.055,1,2.0,40,95,0.474,0.014,18.8,1.00,93,231,0,0.0,,6.630,SURVIVED,mu 2.0,
v2base,-0.055,0,2.0,40,95,0.474,0.014,19.2,1.00,94,244,0,0.0,,6.630,SURVIVED,mu 2.0,
v2base,-0.055,1,2.0,40,100,0.474,0.013,19.1,1.00,86,253,0,0.0,,6.630,SURVIVED,mu 2.0,
v2base,+0.065,0,2.0,40,100,0.474,0.017,19.5,1.00,105,214,0,0.0,,6.630,SURVIVED,mu 2.0,
v2base,+0.065,1,2.0,40,96,0.474,0.017,16.8,1.00,105,219,0,0.0,,6.630,SURVIVED,mu 2.0,
v2base,-0.065,0,2.0,40,96,0.474,0.014,21.6,1.00,115,314,0,0.0,,6.630,SURVIVED,mu 2.0,
v2base,-0.065,1,2.0,40,100,0.469,0.034,31.6,1.00,108,259,0,0.0,,6.630,SURVIVED,mu 2.0,
v2base,+0.073,0,2.0,12,147,0.445,0.522,104.9,1.01,206,77,0,0.0,8.360,6.630,FELL,mu 2.0,
v2base,+0.073,1,2.0,10,283,0.408,0.550,294.2,1.00,144,88,1,243.4,7.055,6.630,FELL,mu 2.0,
v2base,+0.091,0,2.0,9,308,0.397,0.539,309.2,1.01,163,69,8,79.2,6.535,6.630,FELL,mu 2.0,
v2base,-0.073,0,2.0,12,120,0.435,0.523,248.2,1.01,222,105,8,89.9,8.510,6.630,FELL,mu 2.0,
v2base,+0.091,1,2.0,8,459,0.415,0.571,451.6,1.00,210,80,2,29.4,6.020,6.630,FELL,mu 2.0,
v2base,-0.073,1,2.0,11,278,0.367,0.558,374.9,1.00,148,101,4,86.6,7.650,6.630,FELL,mu 2.0,
v2base,-0.091,1,2.0,8,365,0.412,0.575,316.2,1.01,146,62,15,123.3,6.305,6.630,FELL,mu 2.0,
v2base,-0.091,0,2.0,14,139,0.408,0.541,198.0,1.01,189,97,3,264.1,9.345,6.630,FELL,mu 2.0,
v2_sole60,+0.045,0,,40,101,0.476,0.003,5.1,1.00,58,13,0,0.0,,6.630,SURVIVED,sole60 mu0.7,0.030
v2_sole60,+0.045,1,,40,95,0.476,0.003,5.1,1.00,60,23,0,0.0,,6.630,SURVIVED,sole60 mu0.7,0.030
v2_sole60,-0.045,0,,40,95,0.476,0.003,5.1,1.00,60,34,0,0.0,,6.630,SURVIVED,sole60 mu0.7,0.030
v2_sole60,-0.045,1,,40,101,0.476,0.003,5.1,1.00,60,27,0,0.0,,6.630,SURVIVED,sole60 mu0.7,0.030
v2_sole60,+0.050,0,,40,100,0.476,0.003,5.1,1.00,59,22,0,0.0,,6.630,SURVIVED,sole60 mu0.7,0.030
v2_sole60,+0.050,1,,40,95,0.476,0.003,5.1,1.00,59,20,0,0.0,,6.630,SURVIVED,sole60 mu0.7,0.030
v2_sole60,-0.050,0,,40,95,0.476,0.003,5.1,1.00,59,24,0,0.0,,6.630,SURVIVED,sole60 mu0.7,0.030
v2_sole60,-0.050,1,,40,100,0.476,0.003,5.1,1.00,59,27,0,0.0,,6.630,SURVIVED,sole60 mu0.7,0.030
v2_sole60,+0.055,0,,40,100,0.476,0.003,5.1,1.00,60,21,0,0.0,,6.630,SURVIVED,sole60 mu0.7,0.030
v2_sole60,+0.055,1,,40,95,0.476,0.003,5.1,1.00,61,17,0,0.0,,6.630,SURVIVED,sole60 mu0.7,0.030
v2_sole60,-0.055,0,,40,95,0.476,0.003,5.1,1.00,59,28,0,0.0,,6.630,SURVIVED,sole60 mu0.7,0.030
v2_sole60,-0.055,1,,40,100,0.476,0.003,5.1,1.00,58,24,0,0.0,,6.630,SURVIVED,sole60 mu0.7,0.030
v2_sole60,+0.065,0,,40,100,0.476,0.003,7.7,1.00,63,31,8,3.4,,6.630,SURVIVED,sole60 mu0.7,0.030
v2_sole60,+0.065,1,,40,96,0.476,0.003,5.1,1.00,63,36,8,3.2,,6.630,SURVIVED,sole60 mu0.7,0.030
v2_sole60,-0.065,0,,40,96,0.476,0.003,9.9,1.00,64,25,18,7.8,,6.630,SURVIVED,sole60 mu0.7,0.030
v2_sole60,-0.065,1,,40,100,0.476,0.014,11.8,1.00,63,27,9,5.1,,6.630,SURVIVED,sole60 mu0.7,0.030
v2_sole60,+0.091,1,,9,50,0.398,0.536,567.1,1.01,169,41,108,81.1,6.605,6.630,FELL,sole60 mu0.7,0.030
v2_sole60,-0.091,1,,9,317,0.399,0.534,266.5,1.00,186,24,42,108.4,6.560,6.630,FELL,sole60 mu0.7,0.030
v2_sole60,+0.073,0,,40,99,0.476,0.012,19.7,1.00,104,41,176,57.4,,6.630,SURVIVED,sole60 mu0.7,0.030
v2_sole60,+0.073,1,,40,96,0.476,0.008,17.6,1.00,74,24,158,18.1,,6.630,SURVIVED,sole60 mu0.7,0.030
v2_sole60,+0.091,0,,40,99,0.469,0.025,15.8,1.00,92,23,352,22.0,,6.630,SURVIVED,sole60 mu0.7,0.030
v2_sole60,-0.073,0,,40,96,0.476,0.008,15.2,1.00,74,24,183,19.4,,6.630,SURVIVED,sole60 mu0.7,0.030
v2_sole60,-0.073,1,,40,99,0.476,0.010,16.4,1.00,67,23,127,7.4,,6.630,SURVIVED,sole60 mu0.7,0.030
v2_sole60,-0.091,0,,40,96,0.468,0.013,21.4,1.01,82,25,332,11.3,,6.630,SURVIVED,sole60 mu0.7,0.030
v2_sole60,+0.045,0,0.9,40,101,0.476,0.003,5.1,1.00,59,30,0,0.0,,6.630,SURVIVED,sole60 mu0.9,0.030
v2_sole60,+0.045,1,0.9,40,95,0.476,0.003,5.1,1.00,58,22,0,0.0,,6.630,SURVIVED,sole60 mu0.9,0.030
v2_sole60,-0.045,0,0.9,40,95,0.476,0.003,5.1,1.00,59,54,0,0.0,,6.630,SURVIVED,sole60 mu0.9,0.030
v2_sole60,-0.045,1,0.9,40,101,0.476,0.003,5.1,1.00,60,48,0,0.0,,6.630,SURVIVED,sole60 mu0.9,0.030
v2_sole60,+0.050,0,0.9,40,100,0.476,0.003,5.1,1.00,59,24,0,0.0,,6.630,SURVIVED,sole60 mu0.9,0.030
v2_sole60,+0.050,1,0.9,40,95,0.476,0.003,5.1,1.00,58,35,0,0.0,,6.630,SURVIVED,sole60 mu0.9,0.030
v2_sole60,-0.050,0,0.9,40,95,0.476,0.003,5.1,1.00,58,48,0,0.0,,6.630,SURVIVED,sole60 mu0.9,0.030
v2_sole60,-0.050,1,0.9,40,100,0.476,0.003,5.1,1.00,58,37,0,0.0,,6.630,SURVIVED,sole60 mu0.9,0.030
v2_sole60,+0.055,0,0.9,40,100,0.476,0.003,5.1,1.00,58,30,0,0.0,,6.630,SURVIVED,sole60 mu0.9,0.030
v2_sole60,+0.055,1,0.9,40,95,0.476,0.003,5.1,1.00,59,22,0,0.0,,6.630,SURVIVED,sole60 mu0.9,0.030
v2_sole60,-0.055,0,0.9,40,95,0.476,0.003,5.1,1.00,58,32,0,0.0,,6.630,SURVIVED,sole60 mu0.9,0.030
v2_sole60,-0.055,1,0.9,40,100,0.476,0.003,5.1,1.00,58,36,0,0.0,,6.630,SURVIVED,sole60 mu0.9,0.030
v2_sole60,+0.065,0,0.9,40,100,0.476,0.003,5.1,1.00,61,36,0,0.0,,6.630,SURVIVED,sole60 mu0.9,0.030
v2_sole60,-0.065,0,0.9,40,96,0.476,0.003,5.1,1.00,60,42,2,2.4,,6.630,SURVIVED,sole60 mu0.9,0.030
v2_sole60,+0.065,1,0.9,40,96,0.476,0.006,8.7,1.00,62,43,4,6.6,,6.630,SURVIVED,sole60 mu0.9,0.030
v2_sole60,-0.065,1,0.9,40,100,0.476,0.005,5.1,1.00,60,41,0,0.0,,6.630,SURVIVED,sole60 mu0.9,0.030
v2_sole60,-0.091,0,0.9,9,191,0.433,0.530,174.4,1.01,200,45,97,83.1,6.710,6.630,FELL,sole60 mu0.9,0.030
v2_sole60,+0.073,0,0.9,40,99,0.476,0.011,20.9,1.00,72,35,181,21.7,,6.630,SURVIVED,sole60 mu0.9,0.030
v2_sole60,+0.073,1,0.9,40,96,0.476,0.012,19.1,1.00,69,39,112,17.7,,6.630,SURVIVED,sole60 mu0.9,0.030
v2_sole60,-0.073,0,0.9,29,93,0.426,0.548,259.5,1.01,177,44,323,81.9,17.520,6.630,FELL,sole60 mu0.9,0.030
v2_sole60,-0.073,1,0.9,40,99,0.476,0.010,21.3,1.00,70,45,177,30.4,,6.630,SURVIVED,sole60 mu0.9,0.030
v2_sole60,+0.091,0,0.9,40,99,0.476,0.006,6.7,1.00,84,43,305,17.4,,6.630,SURVIVED,sole60 mu0.9,0.030
v2_sole60,+0.091,1,0.9,40,96,0.467,0.011,23.1,1.00,84,37,301,13.2,,6.630,SURVIVED,sole60 mu0.9,0.030
v2_sole60,-0.091,1,0.9,40,99,0.476,0.006,8.0,1.00,83,30,313,22.7,,6.630,SURVIVED,sole60 mu0.9,0.030
