rev,vy,first_swing,steps,achieved_pct,trunk_z,tilt,dcm,cop,ankle,degraded,selfcol_ticks,selfcol_peak,fell_t,mass,survived,cond,MOM,KP_MOM,MOM_LEVEL,MOM_AXES
v6,+0.022,1,5,0,0.458,0.537,99.7,1.00,134,4,92,400.0,4.375,6.338,FELL,off,,,,
v6,-0.022,0,5,-0,0.459,0.531,110.8,1.00,125,4,91,353.5,4.385,6.338,FELL,off,,,,
v6,+0.026,1,4,0,0.442,0.536,282.5,1.00,189,2,80,365.8,3.985,6.338,FELL,off,,,,
v6,+0.026,0,6,0,0.432,0.523,269.8,1.01,175,3,105,392.9,4.995,6.338,FELL,off,,,,
v6,-0.026,0,4,-0,0.436,0.536,206.7,1.00,138,4,79,366.0,3.960,6.338,FELL,off,,,,
v6,-0.026,1,6,-0,0.418,0.524,339.7,1.00,175,3,107,392.9,5.035,6.338,FELL,off,,,,
v6,-0.018,0,40,89,0.465,0.268,15.1,1.00,117,7,500,29.5,,6.338,SURVIVED,off,,,,
v6,-0.022,1,40,104,0.476,0.005,11.7,1.00,63,9,482,20.8,,6.338,SURVIVED,off,,,,
v6,+0.022,0,40,104,0.476,0.005,11.7,1.00,63,5,483,21.4,,6.338,SURVIVED,off,,,,
v6,+0.018,1,40,90,0.465,0.277,30.3,1.00,118,8,494,29.8,,6.338,SURVIVED,off,,,,
v6,+0.018,0,40,105,0.476,0.005,11.5,1.00,63,5,461,21.8,,6.338,SURVIVED,off,,,,
v6,-0.018,1,40,105,0.476,0.005,11.5,1.00,62,14,463,21.8,,6.338,SURVIVED,off,,,,
v6,+0.036,1,5,0,0.432,0.526,261.6,1.00,202,0,92,422.4,4.440,6.338,FELL,off,,,,
v6,-0.036,0,5,-0,0.428,0.529,257.5,1.00,206,4,100,420.8,4.470,6.338,FELL,off,,,,
v6,+0.045,0,4,0,0.458,0.537,105.1,1.00,145,2,75,398.2,3.820,6.338,FELL,off,,,,
v6,+0.045,1,5,0,0.439,0.537,180.8,1.00,202,5,113,478.0,4.385,6.338,FELL,off,,,,
v6,+0.030,0,40,102,0.476,0.006,11.8,1.00,63,8,542,20.4,,6.338,SURVIVED,off,,,,
v6,-0.045,1,4,-0,0.445,0.529,197.9,1.00,173,0,76,401.2,3.870,6.338,FELL,off,,,,
v6,+0.030,1,40,93,0.465,0.263,11.9,1.00,114,10,574,25.3,,6.338,SURVIVED,off,,,,
v6,-0.045,0,9,320,0.454,0.535,122.3,1.01,148,3,178,707.0,6.610,6.338,FELL,off,,,,
v6,+0.055,1,5,0,0.436,0.535,210.9,1.00,173,0,103,498.0,4.460,6.338,FELL,off,,,,
v6,-0.055,0,5,-0,0.448,0.537,102.6,1.00,208,0,99,380.2,4.370,6.338,FELL,off,,,,
v6,+0.055,0,9,-352,0.423,0.529,351.1,1.00,159,14,212,734.6,6.430,6.338,FELL,off,,,,
v6,-0.055,1,9,-347,0.411,0.522,378.9,1.00,146,9,167,423.6,6.405,6.338,FELL,off,,,,
v6,-0.030,0,40,93,0.465,0.263,11.8,1.00,115,6,580,25.1,,6.338,SURVIVED,off,,,,
v6,-0.030,1,40,102,0.476,0.006,11.8,1.00,63,9,541,21.0,,6.338,SURVIVED,off,,,,
v6,+0.036,0,40,101,0.476,0.005,11.5,1.00,62,9,682,21.5,,6.338,SURVIVED,off,,,,
v6,-0.036,1,40,101,0.476,0.005,11.5,1.00,62,6,681,21.5,,6.338,SURVIVED,off,,,,
v6,+0.022,1,5,0,0.461,0.539,121.6,1.00,145,5,91,353.9,4.395,6.338,FELL,post< kp=3,1,3,post_after,
v6,-0.022,0,7,2859,0.444,0.533,185.1,1.00,193,3,121,404.6,5.510,6.338,FELL,post< kp=3,1,3,post_after,
v6,+0.026,0,6,0,0.422,0.520,264.5,1.00,201,1,109,387.5,5.005,6.338,FELL,post< kp=3,1,3,post_after,
v6,+0.026,1,4,0,0.429,0.522,272.5,1.01,151,1,83,365.3,3.985,6.338,FELL,post< kp=3,1,3,post_after,
v6,-0.026,1,6,-0,0.445,0.523,142.5,1.00,195,3,104,393.2,4.945,6.338,FELL,post< kp=3,1,3,post_after,
v6,+0.018,0,40,105,0.476,0.005,11.4,1.00,63,7,460,21.8,,6.338,SURVIVED,post< kp=3,1,3,post_after,
v6,+0.018,1,40,89,0.465,0.268,15.2,1.00,116,4,495,37.7,,6.338,SURVIVED,post< kp=3,1,3,post_after,
v6,-0.018,0,40,89,0.465,0.268,15.2,1.00,116,8,498,37.7,,6.338,SURVIVED,post< kp=3,1,3,post_after,
v6,-0.018,1,40,106,0.466,0.270,55.6,1.00,114,12,775,65.1,,6.338,SURVIVED,post< kp=3,1,3,post_after,
v6,-0.030,1,6,-0,0.422,0.525,284.6,1.00,205,3,106,402.1,5.025,6.338,FELL,post< kp=3,1,3,post_after,
v6,+0.022,0,40,104,0.476,0.005,11.6,1.00,62,9,482,20.8,,6.338,SURVIVED,post< kp=3,1,3,post_after,
v6,-0.022,1,40,104,0.476,0.005,11.6,1.00,62,8,482,21.4,,6.338,SURVIVED,post< kp=3,1,3,post_after,
v6,+0.036,1,5,0,0.435,0.524,250.0,1.00,202,1,94,422.5,4.435,6.338,FELL,post< kp=3,1,3,post_after,
v6,-0.036,0,5,-0,0.434,0.528,220.5,1.00,202,1,95,422.7,4.430,6.338,FELL,post< kp=3,1,3,post_after,
v6,-0.026,0,40,92,0.466,0.235,13.1,1.01,110,6,564,27.3,,6.338,SURVIVED,post< kp=3,1,3,post_after,
v6,+0.045,0,8,620,0.457,0.523,151.3,1.00,160,7,156,477.8,6.060,6.338,FELL,post< kp=3,1,3,post_after,
v6,+0.045,1,9,257,0.430,0.530,73.8,1.00,183,14,191,827.0,6.620,6.338,FELL,post< kp=3,1,3,post_after,
v6,+0.030,0,40,102,0.476,0.006,11.8,1.00,63,7,541,20.6,,6.338,SURVIVED,post< kp=3,1,3,post_after,
v6,-0.045,1,8,655,0.452,0.523,165.0,1.00,159,4,153,480.8,6.070,6.338,FELL,post< kp=3,1,3,post_after,
v6,-0.045,0,9,324,0.443,0.525,218.7,1.00,128,2,208,710.8,6.690,6.338,FELL,post< kp=3,1,3,post_after,
v6,+0.055,0,8,-205,0.435,0.529,242.9,1.01,166,17,203,427.7,6.235,6.338,FELL,post< kp=3,1,3,post_after,
v6,+0.030,1,40,93,0.465,0.262,11.8,1.00,114,5,582,27.2,,6.338,SURVIVED,post< kp=3,1,3,post_after,
v6,-0.030,0,40,93,0.465,0.262,11.8,1.00,114,8,558,25.6,,6.338,SURVIVED,post< kp=3,1,3,post_after,
v6,+0.055,1,5,0,0.421,0.539,130.3,1.00,206,0,112,425.9,4.375,6.338,FELL,post< kp=3,1,3,post_after,
v6,-0.055,0,5,-0,0.425,0.521,168.0,1.00,203,3,115,421.6,4.390,6.338,FELL,post< kp=3,1,3,post_after,
v6,+0.036,0,40,101,0.476,0.005,11.5,1.00,62,4,682,21.5,,6.338,SURVIVED,post< kp=3,1,3,post_after,
v6,-0.055,1,9,-314,0.409,0.522,376.7,1.01,195,10,179,424.9,6.515,6.338,FELL,post< kp=3,1,3,post_after,
v6,-0.036,1,40,101,0.476,0.005,11.5,1.00,67,3,684,21.5,,6.338,SURVIVED,post< kp=3,1,3,post_after,
v6,+0.022,1,5,0,0.459,0.523,135.6,1.00,148,2,94,353.9,4.405,6.338,FELL,post< kp=30,1,30,post_after,
v6,-0.022,0,5,-0,0.456,0.521,136.9,1.00,161,4,94,353.6,4.405,6.338,FELL,post< kp=30,1,30,post_after,
v6,+0.026,0,6,0,0.440,0.538,162.8,1.00,204,10,106,392.9,4.965,6.338,FELL,post< kp=30,1,30,post_after,
v6,+0.026,1,4,0,0.428,0.525,280.5,1.00,169,5,73,365.5,4.010,6.338,FELL,post< kp=30,1,30,post_after,
v6,-0.026,1,6,-0,0.421,0.532,297.3,1.00,205,3,108,391.8,5.025,6.338,FELL,post< kp=30,1,30,post_after,
v6,+0.018,0,40,105,0.476,0.005,11.4,1.00,63,9,460,21.7,,6.338,SURVIVED,post< kp=30,1,30,post_after,
v6,+0.018,1,40,89,0.465,0.268,15.3,1.00,117,6,493,25.8,,6.338,SURVIVED,post< kp=30,1,30,post_after,
v6,-0.018,0,40,90,0.460,0.318,55.4,1.00,119,9,513,89.4,,6.338,SURVIVED,post< kp=30,1,30,post_after,
v6,-0.018,1,40,105,0.476,0.005,11.5,1.00,62,8,463,21.8,,6.338,SURVIVED,post< kp=30,1,30,post_after,
v6,+0.022,0,40,104,0.476,0.005,11.7,1.00,63,8,483,20.8,,6.338,SURVIVED,post< kp=30,1,30,post_after,
v6,-0.030,1,6,-0,0.422,0.531,281.3,1.00,202,2,105,438.8,5.010,6.338,FELL,post< kp=30,1,30,post_after,
v6,+0.036,1,5,0,0.436,0.524,244.3,1.00,202,0,94,422.4,4.430,6.338,FELL,post< kp=30,1,30,post_after,
v6,-0.022,1,40,104,0.476,0.005,11.7,1.00,62,4,482,21.4,,6.338,SURVIVED,post< kp=30,1,30,post_after,
v6,-0.036,0,5,-0,0.434,0.523,252.7,1.00,202,0,93,422.4,4.435,6.338,FELL,post< kp=30,1,30,post_after,
v6,+0.045,0,4,0,0.420,0.539,296.8,1.00,205,1,78,386.9,3.930,6.338,FELL,post< kp=30,1,30,post_after,
v6,-0.026,0,40,92,0.466,0.235,13.1,1.01,110,7,565,27.4,,6.338,SURVIVED,post< kp=30,1,30,post_after,
v6,+0.045,1,9,224,0.444,0.532,96.0,1.00,158,18,190,823.0,6.600,6.338,FELL,post< kp=30,1,30,post_after,
v6,-0.045,0,9,334,0.441,0.527,149.9,1.01,190,3,192,706.7,6.640,6.338,FELL,post< kp=30,1,30,post_after,
v6,+0.030,0,40,102,0.476,0.006,11.8,1.00,63,3,541,20.4,,6.338,SURVIVED,post< kp=30,1,30,post_after,
v6,-0.045,1,8,622,0.448,0.534,149.9,1.00,157,0,161,476.8,6.070,6.338,FELL,post< kp=30,1,30,post_after,
v6,+0.055,1,5,0,0.421,0.522,141.1,1.00,205,1,112,848.6,4.380,6.338,FELL,post< kp=30,1,30,post_after,
v6,+0.055,0,8,-216,0.444,0.521,219.3,1.00,121,11,217,423.7,6.385,6.338,FELL,post< kp=30,1,30,post_after,
v6,-0.055,0,8,-745,0.413,0.536,500.0,1.01,179,17,166,372.8,6.120,6.338,FELL,post< kp=30,1,30,post_after,
v6,-0.030,0,40,93,0.465,0.263,13.1,1.00,114,5,578,25.6,,6.338,SURVIVED,post< kp=30,1,30,post_after,
v6,+0.030,1,40,93,0.465,0.262,11.8,1.00,114,6,575,25.7,,6.338,SURVIVED,post< kp=30,1,30,post_after,
v6,-0.055,1,8,25,0.442,0.526,90.1,1.00,159,6,178,424.5,6.010,6.338,FELL,post< kp=30,1,30,post_after,
v6,+0.018,0,2,0,0.453,0.527,74.5,1.00,172,17,475,120.2,2.995,6.338,FELL,swing> kp=3,1,3,swing_before,
v6,+0.036,0,40,101,0.476,0.005,11.5,1.00,62,7,681,21.5,,6.338,SURVIVED,post< kp=30,1,30,post_after,
v6,+0.018,1,3,0,0.430,0.569,393.1,1.01,200,13,574,192.2,3.540,6.338,FELL,swing> kp=3,1,3,swing_before,
v6,-0.018,1,2,-0,0.439,0.527,152.0,1.00,163,17,465,2811.4,2.920,6.338,FELL,swing> kp=3,1,3,swing_before,
v6,-0.018,0,3,-0,0.415,0.521,404.3,1.01,209,18,517,107.2,3.250,6.338,FELL,swing> kp=3,1,3,swing_before,
v6,+0.022,0,3,0,0.375,0.554,124.8,1.00,194,22,474,179.9,3.175,6.338,FELL,swing> kp=3,1,3,swing_before,
v6,+0.022,1,3,0,0.421,0.551,252.9,1.00,123,16,514,178.0,3.475,6.338,FELL,swing> kp=3,1,3,swing_before,
v6,-0.022,0,3,-0,0.395,0.550,425.8,1.00,190,59,495,288.0,3.145,6.338,FELL,swing> kp=3,1,3,swing_before,
v6,-0.022,1,3,-0,0.414,0.521,282.9,1.01,168,22,518,191.3,3.310,6.338,FELL,swing> kp=3,1,3,swing_before,
v6,+0.026,0,3,0,0.431,0.520,245.5,1.00,149,21,506,44.6,3.565,6.338,FELL,swing> kp=3,1,3,swing_before,
v6,-0.026,1,2,-0,0.414,0.552,160.5,1.00,161,18,466,219.4,2.900,6.338,FELL,swing> kp=3,1,3,swing_before,
v6,+0.026,1,3,0,0.401,0.548,279.4,1.01,138,32,501,170.1,3.360,6.338,FELL,swing> kp=3,1,3,swing_before,
v6,-0.026,0,3,-0,0.419,0.533,309.9,1.01,174,15,524,165.0,3.405,6.338,FELL,swing> kp=3,1,3,swing_before,
v6,-0.036,1,40,101,0.476,0.005,11.6,1.00,64,2,681,21.6,,6.338,SURVIVED,post< kp=30,1,30,post_after,
v6,+0.030,0,3,0,0.426,0.529,219.2,1.00,178,23,493,74.3,3.320,6.338,FELL,swing> kp=3,1,3,swing_before,
v6,+0.030,1,3,0,0.436,0.530,151.5,1.01,179,22,482,771.3,3.325,6.338,FELL,swing> kp=3,1,3,swing_before,
v6,-0.030,0,2,-0,0.424,0.533,184.6,1.01,164,13,457,206.5,2.915,6.338,FELL,swing> kp=3,1,3,swing_before,
v6,+0.036,0,2,0,0.441,0.523,95.6,1.00,178,14,484,187.3,2.925,6.338,FELL,swing> kp=3,1,3,swing_before,
v6,-0.030,1,3,-0,0.403,0.554,218.7,1.01,142,26,511,210.8,3.345,6.338,FELL,swing> kp=3,1,3,swing_before,
v6,+0.036,1,2,0,0.420,0.526,143.6,1.00,200,35,485,825.0,2.955,6.338,FELL,swing> kp=3,1,3,swing_before,
v6,-0.036,1,2,-0,0.431,0.543,81.2,1.00,194,11,487,170.6,2.935,6.338,FELL,swing> kp=3,1,3,swing_before,
v6,-0.036,0,3,-0,0.371,0.532,446.8,1.00,205,29,506,197.7,3.245,6.338,FELL,swing> kp=3,1,3,swing_before,
v6,+0.045,1,3,0,0.413,0.524,413.5,1.01,202,33,495,180.4,3.145,6.338,FELL,swing> kp=3,1,3,swing_before,
v6,+0.045,0,4,0,0.411,0.562,232.5,1.00,186,24,598,108.4,3.670,6.338,FELL,swing> kp=3,1,3,swing_before,
v6,-0.045,1,2,-0,0.438,0.522,97.0,1.00,199,8,470,121.4,2.970,6.338,FELL,swing> kp=3,1,3,swing_before,
v6,+0.055,0,2,0,0.434,0.533,66.2,1.00,125,8,441,45.2,2.990,6.338,FELL,swing> kp=3,1,3,swing_before,
v6,-0.055,0,2,-0,0.418,0.541,115.5,1.01,202,25,483,418.4,3.035,6.338,FELL,swing> kp=3,1,3,swing_before,
v6,+0.055,1,3,0,0.409,0.527,380.2,1.01,145,21,475,161.1,3.360,6.338,FELL,swing> kp=3,1,3,swing_before,
v6,-0.055,1,3,-0,0.406,0.528,279.6,1.00,202,33,458,1077.4,3.285,6.338,FELL,swing> kp=3,1,3,swing_before,
v6,-0.045,0,7,-112,0.432,0.532,104.8,1.01,162,30,757,453.5,5.520,6.338,FELL,swing> kp=3,1,3,swing_before,
v6,+0.018,1,4,0,0.392,0.536,283.8,1.00,199,32,649,500.8,4.150,6.338,FELL,swing> kp=30,1,30,swing_before,
v6,-0.022,1,2,-0,0.427,0.521,297.9,1.01,186,25,446,453.9,3.000,6.338,FELL,swing> kp=30,1,30,swing_before,
v6,-0.018,1,6,-0,0.438,0.540,194.8,1.01,187,12,633,1110.6,5.030,6.338,FELL,swing> kp=30,1,30,swing_before,
v6,+0.022,1,6,0,0.404,0.564,297.7,1.00,183,54,730,599.4,5.080,6.338,FELL,swing> kp=30,1,30,swing_before,
v6,+0.022,0,7,1458,0.415,0.526,289.9,1.01,168,35,690,1056.8,5.395,6.338,FELL,swing> kp=30,1,30,swing_before,
v6,-0.018,0,8,-1463,0.414,0.527,371.8,1.01,170,37,681,741.2,5.945,6.338,FELL,swing> kp=30,1,30,swing_before,
v6,+0.018,0,14,138,0.426,0.525,132.0,1.01,115,43,1232,1093.2,9.340,6.338,FELL,swing> kp=30,1,30,swing_before,
v6,-0.022,0,8,-1128,0.422,0.534,394.4,1.01,203,40,782,494.1,6.295,6.338,FELL,swing> kp=30,1,30,swing_before,
v6,+0.026,0,6,0,0.430,0.529,86.4,1.01,126,9,654,1101.1,5.145,6.338,FELL,swing> kp=30,1,30,swing_before,
v6,+0.026,1,3,0,0.443,0.543,328.1,1.23,116,26,480,453.7,3.125,6.338,FELL,swing> kp=30,1,30,swing_before,
v6,-0.026,1,3,-0,0.391,0.545,147.0,1.00,129,24,459,520.4,3.170,6.338,FELL,swing> kp=30,1,30,swing_before,
v6,-0.026,0,4,-0,0.439,0.536,177.8,1.00,203,26,586,491.3,4.120,6.338,FELL,swing> kp=30,1,30,swing_before,
v6,+0.030,1,4,0,0.429,0.543,221.7,1.00,120,28,563,789.4,3.965,6.338,FELL,swing> kp=30,1,30,swing_before,
v6,+0.030,0,5,0,0.401,0.540,275.6,1.00,149,23,668,1122.6,4.575,6.338,FELL,swing> kp=30,1,30,swing_before,
v6,-0.030,0,4,-0,0.345,0.553,374.8,1.01,158,26,632,382.2,3.710,6.338,FELL,swing> kp=30,1,30,swing_before,
v6,-0.030,1,4,-0,0.427,0.535,92.6,1.01,193,21,546,607.3,3.875,6.338,FELL,swing> kp=30,1,30,swing_before,
v6,+0.036,0,3,0,0.407,0.531,254.5,1.01,179,38,552,1168.6,3.620,6.338,FELL,swing> kp=30,1,30,swing_before,
v6,+0.036,1,3,0,0.433,0.522,200.8,1.00,128,15,518,55.6,3.595,6.338,FELL,swing> kp=30,1,30,swing_before,
v6,-0.036,0,3,-0,0.422,0.521,190.7,1.01,199,24,475,537.1,3.155,6.338,FELL,swing> kp=30,1,30,swing_before,
v6,-0.036,1,3,-0,0.423,0.524,253.8,1.01,197,33,512,483.4,3.525,6.338,FELL,swing> kp=30,1,30,swing_before,
v6,+0.045,0,4,0,0.317,0.526,413.9,1.17,193,35,592,306.0,3.730,6.338,FELL,swing> kp=30,1,30,swing_before,
v6,+0.045,1,3,0,0.453,0.525,257.3,1.01,164,21,519,125.7,3.315,6.338,FELL,swing> kp=30,1,30,swing_before,
v6,-0.045,0,3,-0,0.397,0.534,330.1,1.00,189,16,508,55.1,3.475,6.338,FELL,swing> kp=30,1,30,swing_before,
v6,-0.045,1,6,-0,0.406,0.520,408.5,1.00,195,39,649,1065.3,5.040,6.338,FELL,swing> kp=30,1,30,swing_before,
v6,+0.055,1,5,0,0.345,0.575,334.5,1.02,197,48,648,1631.9,4.645,6.338,FELL,swing> kp=30,1,30,swing_before,
v6,-0.055,1,3,-0,0.428,0.536,79.7,1.01,198,16,562,1063.1,3.455,6.338,FELL,swing> kp=30,1,30,swing_before,
v6,-0.055,0,5,-0,0.415,0.548,313.3,1.01,150,25,639,398.8,4.305,6.338,FELL,swing> kp=30,1,30,swing_before,
v6,+0.055,0,7,-310,0.434,0.522,240.6,1.00,180,35,728,991.2,5.385,6.338,FELL,swing> kp=30,1,30,swing_before,
v6,-0.022,0,5,-0,0.458,0.524,94.8,1.00,157,2,87,354.0,4.380,6.338,FELL,post< xyz kp=3,1,3,post_after,xyz
v6,+0.022,1,7,2617,0.458,0.538,148.9,1.00,132,3,126,405.1,5.490,6.338,FELL,post< xyz kp=3,1,3,post_after,xyz
v6,+0.026,1,4,0,0.404,0.525,328.0,1.00,139,0,74,365.8,4.030,6.338,FELL,post< xyz kp=3,1,3,post_after,xyz
v6,+0.026,0,6,0,0.424,0.532,250.6,1.00,201,2,109,387.5,5.005,6.338,FELL,post< xyz kp=3,1,3,post_after,xyz
v6,-0.026,1,6,-0,0.422,0.526,289.4,1.00,176,2,106,392.6,5.030,6.338,FELL,post< xyz kp=3,1,3,post_after,xyz
v6,+0.018,0,40,105,0.476,0.005,11.5,1.00,62,9,460,21.8,,6.338,SURVIVED,post< xyz kp=3,1,3,post_after,xyz
v6,+0.018,1,40,89,0.465,0.268,15.1,1.00,117,5,496,29.5,,6.338,SURVIVED,post< xyz kp=3,1,3,post_after,xyz
v6,-0.018,0,40,89,0.465,0.268,15.2,1.00,118,17,498,37.9,,6.338,SURVIVED,post< xyz kp=3,1,3,post_after,xyz
v6,-0.018,1,40,105,0.476,0.005,11.5,1.00,62,12,463,21.7,,6.338,SURVIVED,post< xyz kp=3,1,3,post_after,xyz
v6,+0.022,0,40,104,0.476,0.005,11.7,1.00,62,6,483,20.8,,6.338,SURVIVED,post< xyz kp=3,1,3,post_after,xyz
v6,-0.022,1,40,104,0.476,0.005,11.7,1.00,62,7,484,21.4,,6.338,SURVIVED,post< xyz kp=3,1,3,post_after,xyz
v6,+0.036,1,5,0,0.434,0.526,249.2,1.00,202,2,95,422.5,4.435,6.338,FELL,post< xyz kp=3,1,3,post_after,xyz
v6,-0.036,0,5,-0,0.433,0.530,260.8,1.00,202,1,94,422.4,4.440,6.338,FELL,post< xyz kp=3,1,3,post_after,xyz
v6,+0.045,0,4,0,0.445,0.528,197.2,1.00,173,0,75,401.5,3.870,6.338,FELL,post< xyz kp=3,1,3,post_after,xyz
v6,-0.026,0,40,92,0.466,0.235,13.1,1.01,110,9,565,27.3,,6.338,SURVIVED,post< xyz kp=3,1,3,post_after,xyz
v6,+0.030,0,40,102,0.476,0.006,11.8,1.00,62,6,541,20.6,,6.338,SURVIVED,post< xyz kp=3,1,3,post_after,xyz
v6,+0.045,1,9,281,0.435,0.533,65.1,1.00,179,19,191,782.2,6.625,6.338,FELL,post< xyz kp=3,1,3,post_after,xyz
v6,-0.045,0,9,433,0.411,0.527,314.3,1.00,152,14,220,674.8,6.750,6.338,FELL,post< xyz kp=3,1,3,post_after,xyz
v6,-0.045,1,4,-0,0.445,0.526,198.0,1.00,173,1,75,401.3,3.870,6.338,FELL,post< xyz kp=3,1,3,post_after,xyz
v6,+0.055,1,5,0,0.447,0.539,130.6,1.00,201,0,101,380.0,4.385,6.338,FELL,post< xyz kp=3,1,3,post_after,xyz
v6,+0.055,0,9,-344,0.402,0.531,362.3,1.00,194,13,191,426.9,6.450,6.338,FELL,post< xyz kp=3,1,3,post_after,xyz
v6,+0.030,1,40,93,0.465,0.262,11.8,1.00,114,8,577,25.7,,6.338,SURVIVED,post< xyz kp=3,1,3,post_after,xyz
v6,-0.030,0,40,93,0.465,0.265,13.7,1.00,115,7,575,29.3,,6.338,SURVIVED,post< xyz kp=3,1,3,post_after,xyz
v6,-0.030,1,40,102,0.476,0.006,11.8,1.00,67,8,541,20.4,,6.338,SURVIVED,post< xyz kp=3,1,3,post_after,xyz
v6,-0.055,0,5,-0,0.439,0.522,174.7,1.00,207,0,104,380.6,4.395,6.338,FELL,post< xyz kp=3,1,3,post_after,xyz
v6,+0.036,0,40,101,0.476,0.005,11.5,1.00,62,9,680,22.9,,6.338,SURVIVED,post< xyz kp=3,1,3,post_after,xyz
v6,-0.055,1,9,-381,0.412,0.528,419.8,1.00,184,12,202,423.6,6.510,6.338,FELL,post< xyz kp=3,1,3,post_after,xyz
v6,-0.036,1,40,101,0.476,0.005,11.5,1.00,65,3,681,22.7,,6.338,SURVIVED,post< xyz kp=3,1,3,post_after,xyz
