rev,vy,first_swing,steps,achieved_pct,trunk_z,tilt,dcm,cop,ankle,degraded,selfcol_ticks,selfcol_peak,fell_t,mass,survived
v4,-0.018,1,40,105,0.476,0.003,5.4,1.00,64,8,0,0.0,,6.358,SURVIVED
v4,+0.018,0,40,105,0.476,0.003,5.4,1.00,65,10,0,0.0,,6.358,SURVIVED
v4,+0.018,1,40,90,0.476,0.003,5.4,1.00,66,7,0,0.0,,6.358,SURVIVED
v4,+0.022,0,40,104,0.476,0.003,5.4,1.00,65,16,0,0.0,,6.358,SURVIVED
v4,+0.022,1,40,91,0.476,0.003,5.4,1.00,65,13,0,0.0,,6.358,SURVIVED
v4,-0.022,0,40,91,0.476,0.003,5.4,1.00,63,5,0,0.0,,6.358,SURVIVED
v4,-0.018,0,40,90,0.476,0.003,5.4,1.00,64,7,0,0.0,,6.358,SURVIVED
v4,-0.022,1,40,104,0.476,0.003,5.4,1.00,63,7,0,0.0,,6.358,SURVIVED
v4,+0.026,1,40,92,0.476,0.009,6.3,1.00,64,22,0,0.0,,6.358,SURVIVED
v4,+0.030,0,40,102,0.476,0.011,12.7,1.00,65,19,0,0.0,,6.358,SURVIVED
v4,+0.030,1,40,93,0.476,0.011,12.7,1.00,63,18,0,0.0,,6.358,SURVIVED
v4,+0.026,0,40,103,0.476,0.004,6.3,1.00,69,14,0,0.0,,6.358,SURVIVED
v4,-0.026,1,40,103,0.476,0.004,6.3,1.00,63,6,0,0.0,,6.358,SURVIVED
v4,-0.026,0,40,92,0.476,0.009,6.3,1.00,64,10,0,0.0,,6.358,SURVIVED
v4,-0.030,0,40,93,0.476,0.012,12.6,1.00,64,10,0,0.0,,6.358,SURVIVED
v4,-0.030,1,40,102,0.476,0.011,12.7,1.00,63,11,0,0.0,,6.358,SURVIVED
v4,-0.045,0,7,254,0.443,0.540,40.5,1.00,139,12,0,0.0,5.570,6.358,FELL
v4,+0.045,1,8,-89,0.425,0.539,226.5,1.01,176,26,7,261.9,6.195,6.358,FELL
v4,+0.055,0,9,311,0.420,0.565,184.9,1.01,199,12,15,292.4,6.780,6.358,FELL
v4,+0.055,1,8,523,0.435,0.533,262.7,1.01,193,16,1,78.0,6.195,6.358,FELL
v4,-0.055,0,7,238,0.433,0.541,69.0,1.00,197,28,0,0.0,5.700,6.358,FELL
v4,-0.055,1,9,341,0.421,0.546,256.7,1.01,171,18,6,40.5,6.650,6.358,FELL
v4,-0.036,0,40,94,0.476,0.012,12.1,1.00,63,23,0,0.0,,6.358,SURVIVED
v4,+0.036,0,40,101,0.476,0.011,13.0,1.00,65,27,0,0.0,,6.358,SURVIVED
v4,+0.045,0,40,101,0.476,0.012,26.9,1.00,110,18,0,0.0,,6.358,SURVIVED
v4,-0.036,1,40,101,0.476,0.011,9.3,1.00,62,18,0,0.0,,6.358,SURVIVED
v4,-0.045,1,40,101,0.476,0.016,24.3,1.01,116,16,0,0.0,,6.358,SURVIVED
v4,+0.036,1,40,94,0.476,0.021,9.4,1.00,81,19,0,0.0,,6.358,SURVIVED
v4_torque6,+0.018,0,40,105,0.476,0.003,5.4,1.00,64,17,0,0.0,,6.358,SURVIVED
v4_torque6,+0.018,1,40,90,0.476,0.003,5.4,1.00,67,8,0,0.0,,6.358,SURVIVED
v4_torque6,-0.018,1,40,105,0.476,0.003,5.4,1.00,64,5,0,0.0,,6.358,SURVIVED
v4_torque6,-0.018,0,40,90,0.476,0.003,5.4,1.00,65,15,0,0.0,,6.358,SURVIVED
v4_torque6,+0.022,0,40,104,0.476,0.003,5.4,1.00,64,17,0,0.0,,6.358,SURVIVED
v4_torque6,+0.022,1,40,91,0.476,0.003,5.4,1.00,63,17,0,0.0,,6.358,SURVIVED
v4_torque6,-0.022,0,40,91,0.476,0.003,5.4,1.00,63,10,0,0.0,,6.358,SURVIVED
v4_torque6,-0.022,1,40,104,0.476,0.003,5.4,1.00,64,4,0,0.0,,6.358,SURVIVED
v4_torque6,+0.026,0,40,103,0.476,0.003,6.3,1.00,63,30,0,0.0,,6.358,SURVIVED
v4_torque6,+0.026,1,40,92,0.476,0.009,6.3,1.00,64,25,0,0.0,,6.358,SURVIVED
v4_torque6,-0.026,1,40,103,0.476,0.004,6.3,1.00,68,4,0,0.0,,6.358,SURVIVED
v4_torque6,-0.026,0,40,92,0.476,0.009,6.3,1.00,65,8,0,0.0,,6.358,SURVIVED
v4_torque6,+0.030,0,40,102,0.476,0.011,9.0,1.00,63,17,0,0.0,,6.358,SURVIVED
v4_torque6,+0.030,1,40,93,0.476,0.011,8.9,1.00,63,20,0,0.0,,6.358,SURVIVED
v4_torque6,-0.030,0,40,93,0.476,0.011,12.8,1.00,64,13,0,0.0,,6.358,SURVIVED
v4_torque6,-0.030,1,40,102,0.476,0.011,12.6,1.00,64,11,0,0.0,,6.358,SURVIVED
v4_torque6,-0.045,0,7,219,0.441,0.539,45.1,1.00,143,8,0,0.0,5.595,6.358,FELL
v4_torque6,+0.055,0,8,232,0.440,0.537,46.9,1.01,179,11,0,0.0,6.145,6.358,FELL
v4_torque6,+0.036,0,40,101,0.476,0.011,13.2,1.00,67,34,0,0.0,,6.358,SURVIVED
v4_torque6,+0.036,1,40,94,0.476,0.021,12.9,1.00,65,30,0,0.0,,6.358,SURVIVED
v4_torque6,+0.055,1,12,139,0.430,0.552,190.8,1.01,165,29,34,113.0,8.470,6.358,FELL
v4_torque6,-0.055,0,7,312,0.436,0.543,105.4,1.01,185,17,0,0.0,5.640,6.358,FELL
v4_torque6,-0.036,1,40,101,0.476,0.011,12.9,1.00,89,17,0,0.0,,6.358,SURVIVED
v4_torque6,-0.036,0,40,94,0.476,0.021,9.4,1.00,66,16,0,0.0,,6.358,SURVIVED
v4_torque6,+0.045,0,40,101,0.476,0.012,11.9,1.00,110,11,0,0.0,,6.358,SURVIVED
v4_torque6,+0.045,1,40,94,0.473,0.014,31.1,1.00,75,20,0,0.0,,6.358,SURVIVED
v4_torque6,-0.045,1,40,100,0.476,0.011,11.9,1.00,75,18,0,0.0,,6.358,SURVIVED
v4_torque6,-0.055,1,15,220,0.409,0.535,299.9,1.01,163,11,10,152.2,9.805,6.358,FELL
v4_light,+0.018,0,40,106,0.475,0.002,5.7,1.00,63,7,0,0.0,,5.834,SURVIVED
v4_light,+0.018,1,40,90,0.475,0.002,5.7,1.00,65,4,0,0.0,,5.834,SURVIVED
v4_light,-0.018,0,40,90,0.475,0.002,5.7,1.00,66,4,0,0.0,,5.834,SURVIVED
v4_light,-0.018,1,40,106,0.475,0.002,5.7,1.00,67,6,0,0.0,,5.834,SURVIVED
v4_light,+0.022,0,40,104,0.475,0.010,6.9,1.00,64,9,0,0.0,,5.834,SURVIVED
v4_light,+0.022,1,40,91,0.475,0.009,7.4,1.00,63,9,0,0.0,,5.834,SURVIVED
v4_light,-0.022,0,40,91,0.475,0.009,6.8,1.00,66,6,0,0.0,,5.834,SURVIVED
v4_light,-0.022,1,40,104,0.475,0.010,6.9,1.00,67,2,0,0.0,,5.834,SURVIVED
v4_light,+0.026,0,40,103,0.475,0.013,12.9,1.00,65,9,0,0.0,,5.834,SURVIVED
v4_light,+0.026,1,40,92,0.475,0.013,12.9,1.00,64,8,0,0.0,,5.834,SURVIVED
v4_light,-0.026,0,40,92,0.475,0.010,12.9,1.01,66,6,0,0.0,,5.834,SURVIVED
v4_light,-0.026,1,40,103,0.475,0.013,12.9,1.01,64,6,0,0.0,,5.834,SURVIVED
v4_light,+0.030,0,40,102,0.475,0.012,8.7,1.00,65,14,0,0.0,,5.834,SURVIVED
v4_light,+0.030,1,40,93,0.475,0.007,8.6,1.00,67,7,0,0.0,,5.834,SURVIVED
v4_light,-0.030,0,40,93,0.475,0.007,8.6,1.00,69,4,0,0.0,,5.834,SURVIVED
v4_light,-0.030,1,40,102,0.475,0.007,13.1,1.00,65,7,0,0.0,,5.834,SURVIVED
v4_light,+0.036,1,15,112,0.440,0.521,27.1,1.00,131,5,0,0.0,9.990,5.834,FELL
v4_light,-0.045,0,14,216,0.418,0.528,231.1,1.00,176,16,0,0.0,9.550,5.834,FELL
v4_light,+0.045,0,19,146,0.392,0.529,323.2,1.01,188,44,34,168.3,12.410,5.834,FELL
v4_light,+0.055,0,7,306,0.413,0.530,128.4,1.00,171,24,0,0.0,5.845,5.834,FELL
v4_light,-0.045,1,20,206,0.411,0.522,355.5,1.01,188,38,0,0.0,12.720,5.834,FELL
v4_light,+0.055,1,9,128,0.448,0.522,130.5,1.01,146,34,0,0.0,6.905,5.834,FELL
v4_light,-0.055,0,9,-44,0.420,0.534,123.3,1.01,126,11,7,12.3,6.440,5.834,FELL
v4_light,+0.045,1,32,139,0.419,0.536,320.8,1.01,175,13,6,199.8,19.330,5.834,FELL
v4_light,+0.036,0,40,101,0.457,0.028,30.2,1.01,112,16,0,0.0,,5.834,SURVIVED
v4_light,-0.055,1,7,464,0.438,0.523,132.7,1.00,193,25,0,0.0,5.795,5.834,FELL
v4_light,-0.036,0,40,93,0.457,0.024,27.4,1.01,112,7,0,0.0,,5.834,SURVIVED
v4_light,-0.036,1,40,101,0.466,0.011,26.3,1.01,68,12,0,0.0,,5.834,SURVIVED
v5only,+0.018,0,40,106,0.475,0.002,5.7,1.00,63,5,0,0.0,,5.834,SURVIVED
v5only,+0.018,1,40,90,0.475,0.002,5.7,1.00,65,7,0,0.0,,5.834,SURVIVED
v5only,-0.018,0,40,90,0.475,0.002,5.7,1.00,64,8,0,0.0,,5.834,SURVIVED
v5only,-0.018,1,40,106,0.475,0.002,5.7,1.00,65,4,0,0.0,,5.834,SURVIVED
v5only,+0.022,0,40,104,0.475,0.010,6.9,1.00,66,19,0,0.0,,5.834,SURVIVED
v5only,+0.022,1,40,91,0.475,0.010,6.9,1.00,64,13,0,0.0,,5.834,SURVIVED
v5only,-0.022,0,40,91,0.475,0.009,6.9,1.00,65,9,0,0.0,,5.834,SURVIVED
v5only,-0.022,1,40,104,0.475,0.010,6.9,1.00,67,3,0,0.0,,5.834,SURVIVED
v5only,+0.026,0,40,103,0.475,0.007,7.8,1.00,68,7,0,0.0,,5.834,SURVIVED
v5only,+0.026,1,40,92,0.475,0.013,13.0,1.00,64,3,0,0.0,,5.834,SURVIVED
v5only,-0.026,0,40,92,0.475,0.013,12.9,1.01,66,6,0,0.0,,5.834,SURVIVED
v5only,-0.026,1,40,103,0.475,0.013,13.0,1.00,64,5,0,0.0,,5.834,SURVIVED
v5only,+0.030,0,40,102,0.475,0.007,8.6,1.00,66,11,0,0.0,,5.834,SURVIVED
v5only,+0.030,1,40,93,0.475,0.007,8.6,1.00,66,13,0,0.0,,5.834,SURVIVED
v5only,-0.030,0,40,93,0.475,0.007,8.6,1.00,64,1,0,0.0,,5.834,SURVIVED
v5only,-0.030,1,40,102,0.475,0.007,13.1,1.01,76,5,0,0.0,,5.834,SURVIVED
v5only,+0.045,0,15,197,0.415,0.529,257.7,1.01,163,51,46,111.3,9.960,5.834,FELL
v5only,-0.045,0,13,113,0.439,0.540,51.7,1.00,150,20,0,0.0,8.875,5.834,FELL
v5only,+0.036,1,31,105,0.444,0.523,60.5,1.01,129,15,0,0.0,18.760,5.834,FELL
v5only,-0.045,1,14,92,0.437,0.527,102.9,1.01,174,33,45,91.5,9.580,5.834,FELL
v5only,-0.036,1,28,83,0.418,0.532,166.8,1.01,199,26,62,303.9,16.875,5.834,FELL
v5only,+0.055,0,7,640,0.432,0.538,95.7,1.00,156,17,24,268.6,5.675,5.834,FELL
v5only,+0.045,1,34,137,0.344,0.525,274.8,1.01,184,33,2,172.1,20.590,5.834,FELL
v5only,+0.036,0,40,101,0.469,0.016,24.2,1.00,79,17,0,0.0,,5.834,SURVIVED
v5only,-0.055,0,8,520,0.391,0.521,246.0,1.00,199,22,9,236.5,6.200,5.834,FELL
v5only,+0.055,1,9,472,0.390,0.521,462.8,1.00,204,58,7,64.4,6.925,5.834,FELL
v5only,-0.055,1,8,583,0.387,0.532,468.9,1.01,160,23,22,45.8,6.300,5.834,FELL
v5only,-0.036,0,40,47,0.409,0.543,297.6,1.01,195,19,11,37.3,24.040,5.834,FELL
v6fixed,+0.018,1,40,90,0.476,0.002,5.4,1.00,66,12,0,0.0,,6.338,SURVIVED
v6fixed,+0.018,0,40,105,0.476,0.002,5.4,1.00,69,10,0,0.0,,6.338,SURVIVED
v6fixed,-0.018,0,40,90,0.476,0.002,5.4,1.00,65,9,0,0.0,,6.338,SURVIVED
v6fixed,-0.018,1,40,105,0.476,0.002,5.4,1.00,64,2,0,0.0,,6.338,SURVIVED
v6fixed,+0.022,0,40,104,0.476,0.002,5.4,1.00,63,15,0,0.0,,6.338,SURVIVED
v6fixed,+0.022,1,40,91,0.476,0.002,5.4,1.00,64,14,0,0.0,,6.338,SURVIVED
v6fixed,-0.022,0,40,91,0.476,0.002,5.4,1.00,67,12,0,0.0,,6.338,SURVIVED
v6fixed,-0.022,1,40,104,0.476,0.002,5.4,1.00,63,6,0,0.0,,6.338,SURVIVED
v6fixed,+0.026,0,40,103,0.476,0.003,7.2,1.00,69,33,0,0.0,,6.338,SURVIVED
v6fixed,+0.026,1,40,92,0.476,0.007,6.7,1.00,67,21,0,0.0,,6.338,SURVIVED
v6fixed,-0.026,0,40,92,0.476,0.007,6.8,1.00,64,4,0,0.0,,6.338,SURVIVED
v6fixed,-0.026,1,40,103,0.476,0.002,6.5,1.00,68,5,0,0.0,,6.338,SURVIVED
v6fixed,+0.030,0,40,102,0.476,0.004,7.5,1.00,64,35,0,0.0,,6.338,SURVIVED
v6fixed,+0.030,1,40,93,0.476,0.010,13.1,1.00,66,20,0,0.0,,6.338,SURVIVED
v6fixed,-0.030,0,40,93,0.476,0.009,8.1,1.00,66,10,0,0.0,,6.338,SURVIVED
v6fixed,-0.030,1,40,102,0.476,0.008,13.3,1.00,66,5,0,0.0,,6.338,SURVIVED
v6fixed,+0.045,1,8,-532,0.427,0.528,233.7,1.01,204,43,33,228.6,5.970,6.338,FELL
v6fixed,-0.045,0,15,108,0.439,0.529,47.3,1.00,181,16,0,0.0,10.015,6.338,FELL
v6fixed,+0.055,0,11,314,0.424,0.554,344.7,1.00,181,18,3,213.4,7.820,6.338,FELL
v6fixed,+0.055,1,8,635,0.418,0.546,290.6,1.01,217,17,20,111.9,6.045,6.338,FELL
v6fixed,-0.045,1,28,113,0.439,0.522,37.5,1.00,156,24,0,0.0,17.160,6.338,FELL
v6fixed,-0.055,0,8,444,0.397,0.524,191.2,1.00,163,25,5,222.2,5.995,6.338,FELL
v6fixed,+0.036,0,40,101,0.476,0.008,12.6,1.00,63,28,0,0.0,,6.338,SURVIVED
v6fixed,+0.036,1,40,94,0.476,0.008,10.5,1.00,63,23,0,0.0,,6.338,SURVIVED
v6fixed,-0.055,1,11,269,0.432,0.523,290.6,1.01,207,24,6,0.0,7.845,6.338,FELL
v6fixed,-0.036,0,40,94,0.476,0.016,10.3,1.00,63,10,0,0.0,,6.338,SURVIVED
v6fixed,+0.045,0,40,101,0.475,0.014,27.7,1.00,117,19,0,0.0,,6.338,SURVIVED
v6fixed,-0.036,1,40,101,0.476,0.007,10.0,1.00,64,6,0,0.0,,6.338,SURVIVED
