rev,vy,first_swing,SOLE_HALF_W,ARM_HOLD,ARM_HOLD_JOINTS,KP_ARM,KD_ARM,ARM_PITCH,ELBOW,steps,achieved_pct,trunk_z,tilt,dcm,cop,ankle,degraded,selfcol_ticks,selfcol_peak,fell_t,mass,survived,cond
v6_rec_box,-0.026,0,0.030,1,shoulder,200,20,-0.4363,-2.2689,40,93,0.476,0.002,10.5,1.00,57,16,0,0.0,,6.862,SURVIVED,v6_rec_box guard
v6_rec_box,-0.026,1,0.030,1,shoulder,200,20,-0.4363,-2.2689,40,102,0.476,0.002,10.5,1.00,56,11,0,0.0,,6.862,SURVIVED,v6_rec_box guard
v6_rec_box,+0.026,0,0.030,1,shoulder,200,20,-0.4363,-2.2689,40,102,0.476,0.002,10.5,1.00,56,6,0,0.0,,6.862,SURVIVED,v6_rec_box guard
v6_rec_box,-0.018,1,0.030,1,shoulder,200,20,-0.4363,-2.2689,40,105,0.476,0.002,10.5,1.00,56,18,0,0.0,,6.862,SURVIVED,v6_rec_box guard
v6_rec_box,+0.018,0,0.030,1,shoulder,200,20,-0.4363,-2.2689,40,105,0.476,0.002,10.5,1.00,56,18,0,0.0,,6.862,SURVIVED,v6_rec_box guard
v6_rec_box,+0.018,1,0.030,1,shoulder,200,20,-0.4363,-2.2689,40,91,0.476,0.002,10.5,1.00,57,15,0,0.0,,6.862,SURVIVED,v6_rec_box guard
v6_rec_box,-0.018,0,0.030,1,shoulder,200,20,-0.4363,-2.2689,40,91,0.476,0.002,10.5,1.00,57,12,0,0.0,,6.862,SURVIVED,v6_rec_box guard
v6_rec_box,+0.026,1,0.030,1,shoulder,200,20,-0.4363,-2.2689,40,93,0.476,0.002,10.5,1.00,57,9,0,0.0,,6.862,SURVIVED,v6_rec_box guard
v6_rec_box,+0.045,1,0.030,1,shoulder,200,20,-0.4363,-2.2689,40,95,0.476,0.002,10.5,1.00,57,10,0,0.0,,6.862,SURVIVED,v6_rec_box guard
v6_rec_box,+0.045,0,0.030,1,shoulder,200,20,-0.4363,-2.2689,40,100,0.476,0.002,10.5,1.00,56,5,0,0.0,,6.862,SURVIVED,v6_rec_box guard
v6_rec_box,-0.045,0,0.030,1,shoulder,200,20,-0.4363,-2.2689,40,95,0.476,0.002,10.5,1.00,57,13,0,0.0,,6.862,SURVIVED,v6_rec_box guard
v6_rec_box,-0.045,1,0.030,1,shoulder,200,20,-0.4363,-2.2689,40,100,0.476,0.002,10.5,1.00,56,10,0,0.0,,6.862,SURVIVED,v6_rec_box guard
v6_rec_box,-0.036,0,0.030,1,shoulder,200,20,-0.4363,-2.2689,40,94,0.476,0.002,10.5,1.00,57,14,0,0.0,,6.862,SURVIVED,v6_rec_box guard
v6_rec_box,+0.036,0,0.030,1,shoulder,200,20,-0.4363,-2.2689,40,101,0.476,0.002,10.5,1.00,56,9,0,0.0,,6.862,SURVIVED,v6_rec_box guard
v6_rec_box,+0.036,1,0.030,1,shoulder,200,20,-0.4363,-2.2689,40,94,0.476,0.002,10.5,1.00,57,8,0,0.0,,6.862,SURVIVED,v6_rec_box guard
v6_rec_box,-0.036,1,0.030,1,shoulder,200,20,-0.4363,-2.2689,40,101,0.476,0.002,10.5,1.00,56,15,0,0.0,,6.862,SURVIVED,v6_rec_box guard
v6_rec_box,+0.055,1,0.030,1,shoulder,200,20,-0.4363,-2.2689,40,95,0.476,0.002,10.5,1.00,57,8,0,0.0,,6.862,SURVIVED,v6_rec_box guard
v6_rec_box,+0.055,0,0.030,1,shoulder,200,20,-0.4363,-2.2689,40,100,0.476,0.002,10.5,1.00,56,9,0,0.0,,6.862,SURVIVED,v6_rec_box guard
v6_rec_box,-0.055,1,0.030,1,shoulder,200,20,-0.4363,-2.2689,40,100,0.476,0.002,10.5,1.00,56,6,0,0.0,,6.862,SURVIVED,v6_rec_box guard
v6_rec_box,-0.055,0,0.030,1,shoulder,200,20,-0.4363,-2.2689,40,95,0.476,0.002,10.5,1.00,57,10,0,0.0,,6.862,SURVIVED,v6_rec_box guard
v6_rec_box,+0.065,1,0.030,1,shoulder,200,20,-0.4363,-2.2689,40,96,0.476,0.003,10.5,1.00,58,7,37,6.0,,6.862,SURVIVED,v6_rec_box guard
v6_rec_box,+0.065,0,0.030,1,shoulder,200,20,-0.4363,-2.2689,40,100,0.476,0.003,10.5,1.00,58,10,38,6.0,,6.862,SURVIVED,v6_rec_box guard
v6_rec_box,-0.065,1,0.030,1,shoulder,200,20,-0.4363,-2.2689,40,100,0.476,0.003,10.5,1.00,59,6,36,6.0,,6.862,SURVIVED,v6_rec_box guard
v6_rec_box,-0.065,0,0.030,1,shoulder,200,20,-0.4363,-2.2689,40,96,0.476,0.003,10.5,1.00,59,15,40,6.1,,6.862,SURVIVED,v6_rec_box guard
v6_rec_box,+0.073,0,0.030,1,shoulder,200,20,-0.4363,-2.2689,40,99,0.476,0.008,12.1,1.00,73,11,258,20.4,,6.862,SURVIVED,v6_rec_box guard
v6_rec_box,+0.073,1,0.030,1,shoulder,200,20,-0.4363,-2.2689,40,96,0.476,0.008,23.5,1.00,119,21,396,56.7,,6.862,SURVIVED,v6_rec_box guard
v6_rec_box,-0.073,1,0.030,1,shoulder,200,20,-0.4363,-2.2689,40,99,0.476,0.008,17.7,1.00,88,11,343,60.4,,6.862,SURVIVED,v6_rec_box guard
v6_rec_box,-0.073,0,0.030,1,shoulder,200,20,-0.4363,-2.2689,40,96,0.476,0.008,13.8,1.00,80,4,405,46.5,,6.862,SURVIVED,v6_rec_box guard
v7,+0.018,1,,,,,,,,40,89,0.475,0.004,5.7,1.00,70,7,217,5.8,,5.418,SURVIVED,v7 as-is
v7,+0.018,0,,,,,,,,40,106,0.475,0.003,5.7,1.00,68,10,222,5.8,,5.418,SURVIVED,v7 as-is
v7,-0.018,1,,,,,,,,40,106,0.475,0.003,5.7,1.00,65,4,230,5.8,,5.418,SURVIVED,v7 as-is
v7,-0.018,0,,,,,,,,40,89,0.475,0.004,5.7,1.00,65,3,232,5.8,,5.418,SURVIVED,v7 as-is
v7,-0.036,1,,,,,,,,11,187,0.396,0.556,230.6,1.00,144,28,175,149.1,7.925,5.418,FELL,v7 as-is
v7,+0.036,0,,,,,,,,24,197,0.404,0.532,255.8,1.01,180,37,97,21.2,14.695,5.418,FELL,v7 as-is
v7,-0.036,0,,,,,,,,25,131,0.384,0.540,316.3,1.01,182,45,144,57.7,15.355,5.418,FELL,v7 as-is
v7,+0.036,1,,,,,,,,30,121,0.429,0.528,90.3,1.01,165,46,146,111.1,18.330,5.418,FELL,v7 as-is
v7,+0.045,0,,,,,,,,17,140,0.422,0.547,116.8,1.01,202,7,172,334.0,11.040,5.418,FELL,v7 as-is
v7,+0.026,1,,,,,,,,40,92,0.475,0.006,6.3,1.00,67,18,345,6.8,,5.418,SURVIVED,v7 as-is
v7,+0.026,0,,,,,,,,40,104,0.475,0.006,6.2,1.00,68,21,386,7.8,,5.418,SURVIVED,v7 as-is
v7,-0.026,0,,,,,,,,40,92,0.475,0.006,6.2,1.00,65,26,384,7.8,,5.418,SURVIVED,v7 as-is
v7,-0.026,1,,,,,,,,40,104,0.475,0.006,6.3,1.00,70,21,402,7.5,,5.418,SURVIVED,v7 as-is
v7,-0.045,0,,,,,,,,12,280,0.372,0.535,252.2,1.00,153,47,33,162.0,8.145,5.418,FELL,v7 as-is
v7,-0.045,1,,,,,,,,9,422,0.391,0.531,178.4,1.00,193,26,58,148.0,6.510,5.418,FELL,v7 as-is
v7,+0.045,1,,,,,,,,16,111,0.432,0.541,210.5,1.01,172,5,98,126.6,10.440,5.418,FELL,v7 as-is
v7,+0.065,0,,,,,,,,6,0,0.424,0.527,31.7,1.01,137,4,61,6.1,5.005,5.418,FELL,v7 as-is
v7,-0.055,0,,,,,,,,7,-876,0.419,0.532,276.4,1.01,180,17,26,58.3,5.845,5.418,FELL,v7 as-is
v7,-0.055,1,,,,,,,,9,484,0.393,0.522,195.7,1.01,203,23,74,192.6,6.480,5.418,FELL,v7 as-is
v7,+0.065,1,,,,,,,,6,0,0.398,0.589,104.4,1.00,208,26,108,71.3,4.975,5.418,FELL,v7 as-is
v7,+0.055,1,,,,,,,,11,-89,0.406,0.539,268.0,1.01,184,37,121,179.7,7.600,5.418,FELL,v7 as-is
v7,-0.065,0,,,,,,,,6,-0,0.431,0.545,70.3,1.00,188,9,114,43.6,4.960,5.418,FELL,v7 as-is
v7,-0.065,1,,,,,,,,6,-0,0.424,0.523,28.4,1.01,134,3,58,6.6,5.015,5.418,FELL,v7 as-is
v7,+0.055,0,,,,,,,,21,150,0.408,0.545,212.5,1.01,175,8,233,257.9,13.150,5.418,FELL,v7 as-is
v7,-0.073,0,,,,,,,,5,-0,0.429,0.527,37.2,1.00,158,9,16,20.4,4.530,5.418,FELL,v7 as-is
v7,+0.073,0,,,,,,,,8,423,0.419,0.530,230.7,1.00,141,9,97,249.0,6.365,5.418,FELL,v7 as-is
v7,+0.073,1,,,,,,,,8,531,0.404,0.533,361.8,1.01,198,7,18,55.6,6.395,5.418,FELL,v7 as-is
v7,-0.073,1,,,,,,,,11,264,0.398,0.555,290.3,1.00,203,10,44,150.8,7.755,5.418,FELL,v7 as-is
v8,+0.018,0,0.030,1,shoulder,200,20,-0.4363,-2.2689,40,105,0.475,0.003,9.3,1.00,60,13,0,0.0,,6.075,SURVIVED,v8 guard
v8,+0.018,1,0.030,1,shoulder,200,20,-0.4363,-2.2689,40,90,0.475,0.003,9.3,1.00,60,11,0,0.0,,6.075,SURVIVED,v8 guard
v8,-0.018,0,0.030,1,shoulder,200,20,-0.4363,-2.2689,40,90,0.475,0.003,9.3,1.00,60,9,0,0.0,,6.075,SURVIVED,v8 guard
v8,-0.018,1,0.030,1,shoulder,200,20,-0.4363,-2.2689,40,105,0.475,0.003,9.3,1.00,60,5,0,0.0,,6.075,SURVIVED,v8 guard
v8,+0.026,0,0.030,1,shoulder,200,20,-0.4363,-2.2689,40,103,0.475,0.003,9.3,1.00,60,8,0,0.0,,6.075,SURVIVED,v8 guard
v8,+0.026,1,0.030,1,shoulder,200,20,-0.4363,-2.2689,40,92,0.475,0.003,9.3,1.00,60,7,0,0.0,,6.075,SURVIVED,v8 guard
v8,-0.026,0,0.030,1,shoulder,200,20,-0.4363,-2.2689,40,92,0.475,0.003,9.3,1.00,60,3,0,0.0,,6.075,SURVIVED,v8 guard
v8,-0.026,1,0.030,1,shoulder,200,20,-0.4363,-2.2689,40,103,0.475,0.003,9.3,1.00,60,1,0,0.0,,6.075,SURVIVED,v8 guard
v8,+0.036,0,0.030,1,shoulder,200,20,-0.4363,-2.2689,40,101,0.475,0.003,9.3,1.00,60,5,0,0.0,,6.075,SURVIVED,v8 guard
v8,+0.036,1,0.030,1,shoulder,200,20,-0.4363,-2.2689,40,94,0.475,0.003,9.3,1.00,60,3,0,0.0,,6.075,SURVIVED,v8 guard
v8,-0.036,0,0.030,1,shoulder,200,20,-0.4363,-2.2689,40,94,0.475,0.003,9.3,1.00,60,5,0,0.0,,6.075,SURVIVED,v8 guard
v8,-0.036,1,0.030,1,shoulder,200,20,-0.4363,-2.2689,40,101,0.475,0.003,9.3,1.00,60,7,0,0.0,,6.075,SURVIVED,v8 guard
v8,+0.045,0,0.030,1,shoulder,200,20,-0.4363,-2.2689,40,101,0.475,0.003,9.3,1.00,60,6,0,0.0,,6.075,SURVIVED,v8 guard
v8,+0.045,1,0.030,1,shoulder,200,20,-0.4363,-2.2689,40,95,0.475,0.003,9.3,1.00,60,2,0,0.0,,6.075,SURVIVED,v8 guard
v8,-0.045,0,0.030,1,shoulder,200,20,-0.4363,-2.2689,40,95,0.475,0.003,9.3,1.00,60,8,0,0.0,,6.075,SURVIVED,v8 guard
v8,-0.045,1,0.030,1,shoulder,200,20,-0.4363,-2.2689,40,101,0.475,0.003,9.3,1.00,60,6,0,0.0,,6.075,SURVIVED,v8 guard
v8,+0.055,0,0.030,1,shoulder,200,20,-0.4363,-2.2689,40,100,0.475,0.006,9.3,1.00,60,5,0,0.0,,6.075,SURVIVED,v8 guard
v8,+0.055,1,0.030,1,shoulder,200,20,-0.4363,-2.2689,40,95,0.475,0.006,9.3,1.00,60,6,0,0.0,,6.075,SURVIVED,v8 guard
v8,-0.055,0,0.030,1,shoulder,200,20,-0.4363,-2.2689,40,95,0.475,0.006,9.3,1.00,60,3,0,0.0,,6.075,SURVIVED,v8 guard
v8,-0.055,1,0.030,1,shoulder,200,20,-0.4363,-2.2689,40,100,0.475,0.005,9.3,1.00,60,6,0,0.0,,6.075,SURVIVED,v8 guard
v8,+0.065,0,0.030,1,shoulder,200,20,-0.4363,-2.2689,40,100,0.475,0.024,18.0,1.00,122,35,108,51.5,,6.075,SURVIVED,v8 guard
v8,+0.065,1,0.030,1,shoulder,200,20,-0.4363,-2.2689,40,95,0.475,0.016,20.4,1.00,91,20,159,59.8,,6.075,SURVIVED,v8 guard
v8,-0.065,0,0.030,1,shoulder,200,20,-0.4363,-2.2689,40,95,0.475,0.015,18.1,1.00,71,16,109,15.5,,6.075,SURVIVED,v8 guard
v8,-0.065,1,0.030,1,shoulder,200,20,-0.4363,-2.2689,40,100,0.475,0.014,19.8,1.00,69,15,136,18.4,,6.075,SURVIVED,v8 guard
v8,+0.073,1,0.030,1,shoulder,200,20,-0.4363,-2.2689,19,29,0.414,0.537,383.3,1.00,198,22,274,139.1,12.085,6.075,FELL,v8 guard
v8,+0.073,0,0.030,1,shoulder,200,20,-0.4363,-2.2689,40,99,0.475,0.020,22.3,1.00,97,13,245,44.8,,6.075,SURVIVED,v8 guard
v8,-0.073,0,0.030,1,shoulder,200,20,-0.4363,-2.2689,40,96,0.475,0.016,14.8,1.00,86,15,420,48.4,,6.075,SURVIVED,v8 guard
v8,-0.073,1,0.030,1,shoulder,200,20,-0.4363,-2.2689,40,87,0.421,0.522,426.1,1.00,195,40,363,79.7,23.555,6.075,FELL,v8 guard
v8_strongarm,+0.018,0,0.030,1,shoulder,200,20,-0.4363,-2.2689,40,105,0.475,0.003,9.3,1.00,60,6,0,0.0,,6.075,SURVIVED,v8 strong-arm
v8_strongarm,+0.018,1,0.030,1,shoulder,200,20,-0.4363,-2.2689,40,90,0.475,0.003,9.3,1.00,60,4,0,0.0,,6.075,SURVIVED,v8 strong-arm
v8_strongarm,-0.018,0,0.030,1,shoulder,200,20,-0.4363,-2.2689,40,90,0.475,0.003,9.3,1.00,60,15,0,0.0,,6.075,SURVIVED,v8 strong-arm
v8_strongarm,-0.018,1,0.030,1,shoulder,200,20,-0.4363,-2.2689,40,105,0.475,0.003,9.3,1.00,60,7,0,0.0,,6.075,SURVIVED,v8 strong-arm
v8_strongarm,+0.026,0,0.030,1,shoulder,200,20,-0.4363,-2.2689,40,103,0.475,0.003,9.3,1.00,60,4,0,0.0,,6.075,SURVIVED,v8 strong-arm
v8_strongarm,+0.026,1,0.030,1,shoulder,200,20,-0.4363,-2.2689,40,92,0.475,0.003,9.3,1.00,60,6,0,0.0,,6.075,SURVIVED,v8 strong-arm
v8_strongarm,-0.026,0,0.030,1,shoulder,200,20,-0.4363,-2.2689,40,92,0.475,0.003,9.3,1.00,60,7,0,0.0,,6.075,SURVIVED,v8 strong-arm
v8_strongarm,-0.026,1,0.030,1,shoulder,200,20,-0.4363,-2.2689,40,103,0.475,0.003,9.3,1.00,60,9,0,0.0,,6.075,SURVIVED,v8 strong-arm
v8_strongarm,+0.036,0,0.030,1,shoulder,200,20,-0.4363,-2.2689,40,101,0.475,0.003,9.3,1.00,60,5,0,0.0,,6.075,SURVIVED,v8 strong-arm
v8_strongarm,+0.036,1,0.030,1,shoulder,200,20,-0.4363,-2.2689,40,94,0.475,0.003,9.3,1.00,60,2,0,0.0,,6.075,SURVIVED,v8 strong-arm
v8_strongarm,-0.036,0,0.030,1,shoulder,200,20,-0.4363,-2.2689,40,94,0.475,0.003,9.3,1.00,60,3,0,0.0,,6.075,SURVIVED,v8 strong-arm
v8_strongarm,-0.036,1,0.030,1,shoulder,200,20,-0.4363,-2.2689,40,101,0.475,0.003,9.3,1.00,60,7,0,0.0,,6.075,SURVIVED,v8 strong-arm
v8_strongarm,+0.045,0,0.030,1,shoulder,200,20,-0.4363,-2.2689,40,101,0.475,0.003,9.3,1.00,60,3,0,0.0,,6.075,SURVIVED,v8 strong-arm
v8_strongarm,+0.045,1,0.030,1,shoulder,200,20,-0.4363,-2.2689,40,95,0.475,0.003,9.3,1.00,60,3,0,0.0,,6.075,SURVIVED,v8 strong-arm
v8_strongarm,-0.045,0,0.030,1,shoulder,200,20,-0.4363,-2.2689,40,95,0.475,0.003,9.3,1.00,60,8,0,0.0,,6.075,SURVIVED,v8 strong-arm
v8_strongarm,-0.045,1,0.030,1,shoulder,200,20,-0.4363,-2.2689,40,101,0.475,0.003,9.3,1.00,60,5,0,0.0,,6.075,SURVIVED,v8 strong-arm
v8_strongarm,+0.055,0,0.030,1,shoulder,200,20,-0.4363,-2.2689,40,100,0.475,0.006,9.3,1.00,60,7,0,0.0,,6.075,SURVIVED,v8 strong-arm
v8_strongarm,+0.055,1,0.030,1,shoulder,200,20,-0.4363,-2.2689,40,95,0.475,0.005,9.3,1.00,60,6,0,0.0,,6.075,SURVIVED,v8 strong-arm
v8_strongarm,-0.055,0,0.030,1,shoulder,200,20,-0.4363,-2.2689,40,95,0.475,0.006,9.3,1.00,60,4,0,0.0,,6.075,SURVIVED,v8 strong-arm
v8_strongarm,-0.055,1,0.030,1,shoulder,200,20,-0.4363,-2.2689,40,100,0.475,0.006,9.3,1.00,60,2,0,0.0,,6.075,SURVIVED,v8 strong-arm
v8_strongarm,+0.073,0,0.030,1,shoulder,200,20,-0.4363,-2.2689,13,208,0.409,0.536,301.2,1.01,189,25,95,155.9,8.825,6.075,FELL,v8 strong-arm
v8_strongarm,+0.065,0,0.030,1,shoulder,200,20,-0.4363,-2.2689,40,100,0.475,0.014,17.8,1.00,66,4,90,17.0,,6.075,SURVIVED,v8 strong-arm
v8_strongarm,+0.073,1,0.030,1,shoulder,200,20,-0.4363,-2.2689,16,157,0.414,0.533,304.7,1.00,199,27,109,180.3,10.435,6.075,FELL,v8 strong-arm
v8_strongarm,-0.073,1,0.030,1,shoulder,200,20,-0.4363,-2.2689,13,195,0.414,0.566,216.2,1.00,155,21,94,195.4,8.750,6.075,FELL,v8 strong-arm
v8_strongarm,+0.065,1,0.030,1,shoulder,200,20,-0.4363,-2.2689,39,71,0.396,0.557,301.5,1.00,195,29,221,54.2,23.065,6.075,FELL,v8 strong-arm
v8_strongarm,-0.073,0,0.030,1,shoulder,200,20,-0.4363,-2.2689,30,117,0.398,0.556,224.9,1.00,172,17,256,71.8,18.130,6.075,FELL,v8 strong-arm
v8_strongarm,-0.065,1,0.030,1,shoulder,200,20,-0.4363,-2.2689,40,100,0.475,0.020,16.8,1.00,117,10,271,48.4,,6.075,SURVIVED,v8 strong-arm
v8_strongarm,-0.065,0,0.030,1,shoulder,200,20,-0.4363,-2.2689,40,95,0.475,0.017,16.4,1.00,75,9,105,18.4,,6.075,SURVIVED,v8 strong-arm
